"Short Key",Nombre,MAC,IP,Estado,Plaza,Grupo,Agent,PVSI,"PVSI Fecha","PVSI Hora",AgentResurtido,"Resurtido Fecha",Windows,Arquitectura,"RAM (GB)","Disco (GB)",BitLocker,"Download Path","Última Actividad"
00099,00099-PVSI,E0:73:E7:0F:F1:08,189.143.6.144,online,BAJAC,BAJA,3.66,"26.0.2_05.08 DBXW",27-05-2026,07:55:28,"26.5 R150930",15-05-2026,"Microsoft Windows 10 Pro",x64,8,931,,"D:\PVSI","2026-05-27 11:24:43"
PR1MY,1DEMAYO,BC:EE:7B:75:01:26,189.148.7.171,online,TAPAC,TAPACHULA,3.66,"26.0.2_05.08 DBXW",27-05-2026,11:16:51,,,"Microsoft Windows 10 Pro",x86,3,931,,"D:\PVSI","2026-05-27 11:24:40"
20NOV,20NOV,E0:73:E7:13:64:B7,201.105.15.117,online,XALAP,XALAPA,3.66,"26.0.2_05.08 DBXW",27-05-2026,08:22:48,"26.5.5 R957",08-05-2026,"Microsoft Windows 10 Enterprise LTSC",x64,8,931,,"D:\PV","2026-05-27 11:24:08"
20NO2,20NOV2,1C:1B:0D:0B:58:09,201.105.124.182,online,XALAP,XALAPA,3.66,"26.0.2_05.08 DBXW",27-05-2026,09:25:59,"26.5.5 R957",08-05-2026,"Microsoft Windows 10 Enterprise LTSC",x64,8,931,,"D:\PVSI","2026-05-27 11:24:45"
5FEBR,5DEFEBRERO,D0:27:88:D0:2E:17,189.148.60.55,online,TAPAC,TAPACHULA,3.66,"26.0.2_05.08 DBXW",27-05-2026,07:49:11,,,"Microsoft Windows 10 Pro",x86,3,931,,"D:\PVSI","2026-05-27 11:24:17"
00032,5DEFEBRERO-PVSI,B0:4F:13:0E:37:79,187.223.91.98,online,BAJAC,BAJA,3.66,"26.5 R150930",15-05-2026,10:12:16,"26.5 R150930",15-05-2026,"Microsoft Windows 10 Pro",x64,8,910,,"D:\PVSI","2026-05-27 11:24:46"
,A2,C8:3A:35:A4:C4:4D,189.203.149.23,offline,,,2.75.0,,,,,,"Microsoft Windows 11 Pro",x64,16,1169,,"C:\ProgramData\DistributionAgent\files","2026-04-21 22:01:09"
TABAS,ABASOLO,0C:9D:92:65:01:D9,189.148.51.245,online,TAPAC,TAPACHULA,3.66,"26.0.2_05.08 DBXW",27-05-2026,08:17:16,,,"Microsoft Windows 10 Pro N",x64,4,953,,"D:\PVSI","2026-05-27 11:24:43"
00026,ABASOLO-PVSI,AC:B4:80:37:80:36,187.194.28.151,online,BAJAC,BAJA,3.66,"26.0.2_05.08 DBXW",27-05-2026,17:59:16,"26.5 R150930",15-05-2026,"Microsoft Windows 11 Pro",x64,8,455,,"D:\PVSI","2026-05-27 11:24:49"
MEVAB,ADRIAN,40:8D:5C:3F:9D:E9,201.105.56.100,online,XALAP,XALAPA,3.66,"26.0.2_05.08 DBXW",26-05-2026,08:47:18,,,"Microsoft Windows 10 Home Single Language",x64,4,931,,"D:\MEVAB","2026-05-27 11:24:24"
HAGUA,AGUAPRIETA,2C:9C:58:CE:26:E3,189.151.138.131,online,HERMO,HERMOSILLO,3.66,"26.0.2_05.08 DBXW",27-05-2026,09:44:42,,,"Microsoft Windows 11 Pro",x64,8,476,,"D:\PVSI","2026-05-27 11:24:13"
HAGUB,AGUAPRIETA2,2C:9C:58:CE:25:77,187.230.83.0,online,HERMO,HERMOSILLO,3.66,"26.0.2_05.08 DBXW",27-05-2026,09:50:52,,,"Microsoft Windows 11 Pro",x64,8,476,,"D:\PVSI","2026-05-27 11:24:05"
HALTA,ALTARES-PC,A0:F3:C1:A1:CE:75,187.158.92.47,online,HERMO,HERMOSILLO,3.66,"26.0.2_05.08 DBXW",27-05-2026,07:55:49,,,"Microsoft Windows 7 Professional",x86,3,453,,"D:\PVSI","2026-05-27 11:24:21"
ALTOL,ALTO-LUCERO,D0:27:88:DD:9C:BE,201.105.114.123,online,XALAP,XALAPA,3.66,"26.0.2_05.08 DBXW",27-05-2026,11:13:09,"26.5 R150930",15-05-2026,"Microsoft Windows 10 Pro",x64,4,709,,"D:\PVSI","2026-05-27 11:24:53"
TALOB,ALVARO,84:7B:57:E4:D7:E8,38.210.20.239,online,TAPAC,TAPACHULA,3.66,"26.0.2_05.08 DBXW",27-05-2026,07:57:32,,,"Microsoft Windows 10 Pro",x64,8,931,,"D:\PVSI","2026-05-27 11:24:36"
AMERI,AMERICAS2,B0:7B:25:1D:3B:B4,201.105.8.162,online,XALAP,XALAPA,3.66,"26.0.2_05.08 DBXW",27-05-2026,11:22:59,"26.5 R150930",15-05-2026,"Microsoft Windows 10 Enterprise LTSC",x64,8,931,,"D:\PVSI","2026-05-27 11:24:55"
ANIMA,ANIMAS1,AC:B4:80:2E:B7:DE,201.105.89.118,online,XALAP,XALAPA,3.66,"26.0.2_05.08 DBXW",27-05-2026,08:45:48,"26.5.5 R957",07-05-2026,"Microsoft Windows 10 Enterprise LTSC",x64,8,455,,"D:\PVSI","2026-05-27 11:24:56"
ARBOL,ARBOL02,AC:B4:80:37:7A:0C,201.111.168.10,online,XALAP,XALAPA,3.66,"26.5.5 R957",08-05-2026,11:21:52,"26.5.5 R957",08-05-2026,"Microsoft Windows 10 Enterprise LTSC",x64,8,456,,"D:\pvsi","2026-05-27 11:24:44"
ARCOS,ARCOSUR1,E8:40:F2:D1:9C:99,189.138.207.88,online,XALAP,XALAPA,3.66,"26.5 R150930",15-05-2026,11:10:19,"26.5 R150930",15-05-2026,"Microsoft Windows 10 Enterprise LTSC",x64,10,953,,"D:\PVSI","2026-05-27 11:24:52"
MARME,ARMERIA-01-PV,1C:69:7A:1D:7F:F2,187.204.27.102,online,MANZA,MANZANILLO,3.66,"26.0.2_05.08 DBXW",27-05-2026,08:54:32,,,"Microsoft Windows 11 Pro",x64,8,446,,"D:\PVSI","2026-05-27 11:23:41"
ATEN2,ATENAS2,D0:8E:79:05:AE:02,201.105.91.194,online,XALAP,XALAPA,3.66,"26.0.2_05.08 DBXW",27-05-2026,07:59:13,"26.5.5 R957",07-05-2026,"Microsoft Windows 11 Pro",x64,8,911,,"D:\PVSI","2026-05-27 11:24:13"
TAUTO,AUTO1,F4:4D:30:03:0C:F9,201.105.117.229,online,XALAP,XALAPA,3.66,"26.0.2_05.08 DBXW",27-05-2026,10:34:44,"26.5.5 R957",07-05-2026,"Microsoft Windows 10 Enterprise LTSC",x64,7,447,,"D:\PVSI","2026-05-27 11:24:48"
AUTO2,AUTO2,B0:7B:25:1F:BC:D5,201.111.188.103,online,XALAP,XALAPA,3.66,"26.0.2_05.08 DBXW",27-05-2026,08:04:42,"26.5.5 R957",08-05-2026,"Microsoft Windows 10 Pro",x64,8,912,,"D:\PVSI","2026-05-27 11:24:53"
00110,AUTOMOTIVO-PINO,44:FA:66:77:9B:BB,187.223.184.180,online,BAJAC,BAJA,3.66,"26.0.2_05.08 DBXW",27-05-2026,08:03:44,,,"Microsoft Windows 11 Pro",x64,8,1405,,"D:\PVSI","2026-05-27 11:24:27"
AUTO3,AUTOMOTIVO3,BC:EE:7B:71:AC:FD,201.111.170.8,online,XALAP,XALAPA,3.66,"26.0.2_05.08 DBXW",27-05-2026,09:08:53,"26.5.5 R957",07-05-2026,"Microsoft Windows 10 Enterprise LTSC",x64,8,931,,"D:\PVSI","2026-05-27 11:24:29"
,AUXILIAR,D0:27:88:9D:93:66,187.213.173.177,online,GUADA,,3.66,,,,,,"Microsoft Windows 10 Pro",x64,5,111,,"C:\ProgramData\DistributionAgent\files","2026-05-27 11:24:40"
,B2BALAM,70:08:94:89:EC:69,201.152.48.91,offline,,,3.60,,,,,,"Microsoft Windows 11 Home Single Language",x64,8,475,,"C:\ProgramData\DistributionAgent\files","2026-05-16 07:43:33"
HBACH,BACHOCO-PC,D0:27:88:E1:D3:3A,189.173.207.161,online,HERMO,HERMOSILLO,3.66,"26.0.2_05.08 DBXW",27-05-2026,10:08:24,,,"Microsoft Windows 7 Professional",x86,3,931,,"D:\pvsi","2026-05-27 11:24:43"
HBAHI,BAHIADEKINO,B0:4F:13:0E:39:78,189.173.180.27,online,HERMO,,3.66,"26.0.2_05.08 DBXW",27-05-2026,08:18:47,,,"Microsoft Windows 11 Pro",x64,8,930,,"D:\PVSI","2026-05-27 11:24:54"
00105,BDIAN,E4:54:E8:D8:6A:88,187.223.178.31,online,BAJAC,BAJA,3.66,"26.0.2_05.08 DBXW",27-05-2026,08:16:20,"26.5 R150930",15-05-2026,"Microsoft Windows 11 Pro",x64,8,915,,"D:\PVSI","2026-05-27 11:24:40"
CBELI,BELICE-PVSI,A8:3C:A5:29:18:0F,187.150.198.105,online,CHETU,CHETUMAL,3.66,"26.0.2_04.28 DBXW",02-05-2026,02:59:49,"26.5 R150930",15-05-2026,"Microsoft Windows 11 Pro",x64,8,474,,"D:\PVSI","2026-05-27 11:24:44"
00095,BODEGA-CSL,4C:CC:6A:45:AD:62,187.199.204.149,online,BAJAC,BAJA,3.66,"26.0.2_04.28 DBXW",04-05-2026,08:14:21,,,"Microsoft Windows 10 Home Single Language",x64,6,297,,"D:\00095","2026-05-27 11:24:53"
TBOUL,BOULEVARD,50:EB:F6:26:7B:F2,189.148.62.62,online,TAPAC,TAPACHULA,3.66,"26.0.2_05.08 DBXW",27-05-2026,08:56:57,,,"Microsoft Windows 11 Pro",x64,8,930,,"D:\PVSI","2026-05-27 11:24:08"
CBRIT,BRITANIA,7C:57:58:38:B4:78,201.108.28.18,online,XALAP,XALAPA,3.66,"26.0.2_05.08 DBXW",27-05-2026,11:16:08,"26.5 R150930",15-05-2026,"Microsoft Windows 10 Enterprise LTSC",x64,8,931,,"D:\pvsi","2026-05-27 11:24:41"
GVENX,BTBPV,E0:D3:62:B2:86:E8,187.212.246.144,online,GUADA,GUDALAJARA,3.66,"26.0.2_05.08 DBXW",27-05-2026,08:33:38,,,"Microsoft Windows 11 Pro",x64,8,455,,"C:\PVSI","2026-05-27 11:24:24"
CACAO,CACAHOATAN1,50:2B:73:D0:9A:56,189.148.40.249,online,TAPAC,TAPACHULA,3.66,"26.0.2_05.08 DBXW",27-05-2026,19:02:36,,,"Microsoft Windows 10 Pro",x86,3,931,,"D:\PVSI","2026-05-27 11:24:44"
TCAC2,CACAHOATAN2,D0:37:45:63:57:29,189.148.51.189,online,TAPAC,TAPACHULA,3.66,"26.0.2_05.08 DBXW",27-05-2026,18:51:39,,,"Microsoft Windows 11 Pro",x64,8,464,,"D:\PVSI","2026-05-27 11:24:43"
00078,CACHANIA-PVSI,E0:73:E7:10:32:07,187.223.16.38,online,BAJAC,BAJA,3.66,"26.0.2_05.08 DBXW",27-05-2026,09:12:35,"26.5 R150930",15-05-2026,"Microsoft Windows 11 Pro",x64,8,930,,"D:\PVSI","2026-05-27 11:24:42"
TCAFE,CAFETALES,64:6E:E0:DF:03:7C,189.148.19.62,online,TAPAC,TAPACHULA,3.66,"26.0.2_04.28 DBXW",12-05-2026,10:15:48,,,"Microsoft Windows 11 Pro",x64,8,919,,"D:\PVSI","2026-05-27 11:24:12"
00046,CAJA01,B0:4F:13:0E:3A:2B,187.199.120.47,online,BAJAC,BAJA,3.66,"26.5 R150930",15-05-2026,10:13:30,"26.5 R150930",15-05-2026,"Microsoft Windows 11 Pro",x64,8,910,,"D:\PVSI","2026-05-27 11:24:00"
00041,CAJA01,B0:4F:13:04:08:51,187.199.237.135,online,BAJAC,BAJA,3.66,"26.0.2_05.08 DBXW",27-05-2026,09:34:09,"26.5 R150930",15-05-2026,"Microsoft Windows 11 Pro",x64,8,911,,"D:\PVSI","2026-05-27 11:24:48"
00098,CAJA01,40:8D:5C:ED:E6:A3,187.223.176.22,online,BAJAC,BAJA,3.66,"26.0.2_05.08 DBXW",27-05-2026,08:00:32,"26.5 R150930",15-05-2026,"Microsoft Windows 10 Pro",x64,11,465,,"D:\PVSI","2026-05-27 11:24:32"
,CAJA2FRONTERA,50:3E:AA:03:D7:92,189.148.50.193,online,TAPAC,TAPACHULA,3.66,,,,,,"Microsoft Windows NT 6.2.9200.0",x64,,465,,"E:\CAJA2FRONTERA\PVSI","2026-05-27 11:24:47"
CCALZ,CALZADA,A8:3C:A5:29:16:66,189.156.127.65,online,CHETU,CHETUMAL,3.66,"26.0.2_05.08 DBXW",27-05-2026,08:31:40,"26.5 R150930",15-05-2026,"Microsoft Windows 11 Pro",x64,8,474,,"D:\PVSI","2026-05-27 11:24:56"
HCAME,CAMELIA1,04:7C:16:E8:4C:E4,189.173.69.60,online,HERMO,HERMOSILLO,3.66,"26.0.2_05.08 DBXW",27-05-2026,07:48:47,,,"Microsoft Windows 11 Pro",x64,8,476,,"D:\pvsi","2026-05-27 11:24:26"
00080,CAMINO-REAL,7C:57:58:3E:7B:8B,187.223.228.152,online,BAJAC,BAJA,3.66,"26.5 R150930",15-05-2026,10:18:42,"26.5 R150930",15-05-2026,"Microsoft Windows 11 Pro",x64,8,930,,"D:\pvsi","2026-05-27 11:24:33"
HCASE,CAMINODELSERI,B0:7B:25:0A:AC:7E,187.158.0.7,online,HERMO,HERMOSILLO,3.66,"26.0.2_05.08 DBXW",27-05-2026,18:57:07,,,"Microsoft Windows 11 Pro",x64,8,912,,"D:\PVSI","2026-05-27 11:24:55"
HCANA,CANANEA-PVSI,10:98:19:28:B1:BB,189.197.219.181,online,HERMO,HERMOSILLO,3.66,"26.0.2_05.08 DBXW",27-05-2026,07:55:07,,,"Microsoft Windows 11 Pro",x64,8,475,,"D:\PVSI","2026-05-27 11:24:53"
00086,CANGREJOS,AC:B4:80:30:14:D4,187.199.160.244,online,BAJAC,BAJA,3.66,"26.0.2_04.28 DBXW",16-05-2026,07:53:13,"26.5 R150930",15-05-2026,"Microsoft Windows 11 Pro",x64,8,455,,"D:\PVSI","2026-05-27 11:24:49"
,CANGREJOSAUX,74:27:EA:DB:BA:3F,187.199.160.244,online,,,3.66,,,,,,"Microsoft Windows 10 Home Single Language",x64,4,941,,"C:\ProgramData\DistributionAgent\files","2026-05-27 11:23:58"
CCARR,CARRILLO-PVSI,A8:3C:A5:2A:B7:AE,189.156.103.113,online,CHETU,CHETUMAL,3.66,"26.0.2_05.08 DBXW",27-05-2026,11:38:23,"26.5 R150930",15-05-2026,"Microsoft Windows 11 Pro",x64,8,474,,"D:\PVSI","2026-05-27 11:24:33"
CENTR,CENTRAL_01,E0:D5:5E:50:51:68,189.148.56.127,online,TAPAC,TAPACHULA,3.66,"26.0.2_05.08 DBXW",27-05-2026,08:11:42,,,"Microsoft Windows 10 Pro",x64,4,930,,"D:\PVSI","2026-05-27 11:24:05"
00037,CENTRO,CC:96:E5:21:1D:71,187.199.104.106,online,BAJAC,BAJA,3.66,"26.0.2_05.08 DBXW",27-05-2026,10:16:04,"26.5 R150930",15-05-2026,"Microsoft Windows 11 Pro",x64,8,456,,"D:\pvsi","2026-05-27 11:24:14"
T0017,CIHUATLAN-PV-01,1C:69:7A:12:D3:A7,187.198.210.183,online,MANZA,MANZANILLO,3.66,"26.0.2_05.08 DBXW",27-05-2026,09:00:38,,,"Microsoft Windows 11 Pro",x64,6,446,,"D:\PVSI","2026-05-27 11:24:37"
CIRCU,CIRCU01,B0:4F:13:16:B5:64,201.105.105.158,online,XALAP,XALAPA,3.66,"26.0.2_05.08 DBXW",27-05-2026,08:06:47,"26.5 R150930",15-05-2026,"Microsoft Windows 10 Pro",x64,8,913,,"D:\PVSI","2026-05-27 11:24:26"
CLAVI,CLAVIJERO1,F4:4D:30:03:0C:7D,201.105.0.7,online,XALAP,XALAPA,3.66,"26.0.2_05.08 DBXW",27-05-2026,10:33:16,"26.5.5 R957",08-05-2026,"Microsoft Windows 10 Enterprise LTSC",x64,7,931,,"D:\PVSI","2026-05-27 11:24:55"
XCOAP,COAPEXPAN,20:53:8D:03:41:90,201.111.219.105,online,XALAP,XALAPA,3.66,"26.0.2_05.08 DBXW",27-05-2026,08:01:57,"26.5.5 R957",07-05-2026,"Microsoft Windows 10 Enterprise LTSC",x64,8,475,,"D:\PVSI","2026-05-27 11:24:32"
COAT1,COATEPEC101,A8:3C:A5:2B:E8:10,201.111.229.86,online,XALAP,XALAPA,3.66,"26.5 R150930",15-05-2026,11:11:11,"26.5 R150930",15-05-2026,"Microsoft Windows 11 Pro",x64,8,474,,"D:\PVSI","2026-05-27 11:24:50"
HCOLO,COLOSIO,F4:F1:9E:19:F5:B0,189.173.205.183,online,HERMO,HERMOSILLO,3.66,"26.0.2_05.08 DBXW",27-05-2026,08:00:26,,,"Microsoft Windows 11 Pro",x64,8,476,,"D:\pvsi","2026-05-27 11:24:54"
00040,COLOSIO-PVSI,E4:54:E8:CF:2D:66,187.223.124.10,online,BAJAC,BAJA,3.66,"26.0.2_05.08 DBXW",27-05-2026,07:51:55,"26.5 R150930",15-05-2026,"Microsoft Windows 10 Home Single Language",x64,4,916,,"D:\PVSI","2026-05-27 11:24:49"
,COMEX,7C:57:58:C5:D7:5B,189.176.66.107,online,,,3.66,,,,,,"Microsoft Windows 11 Pro",x64,8,930,,"C:\ProgramData\DistributionAgent\files","2026-05-27 11:24:50"
BANDE,COMEX-BANDERILL,38:60:77:72:8A:42,201.105.96.172,online,XALAP,XALAPA,3.66,"26.0.2_05.08 DBXW",27-05-2026,10:00:05,"26.5.5 R957",07-05-2026,"Microsoft Windows 10 Pro",x64,2,685,,"D:\PVSI","2026-05-27 11:24:24"
CAMPO,COMEX-CAMPO,F4:F1:9E:19:F6:0A,201.105.36.19,online,XALAP,XALAPA,3.66,"26.5.5 R957",07-05-2026,11:17:10,"26.5.5 R957",07-05-2026,"Microsoft Windows 11 Pro",x64,8,1406,,"D:\PVSI","2026-05-27 11:24:13"
CENAB,COMEX-CENTRAL,1C:1B:0D:0B:5E:FE,189.138.210.108,online,XALAP,XALAPA,3.66,"26.0.2_05.08 DBXW",26-05-2026,10:27:26,"26.5.5 R957",07-05-2026,"Microsoft Windows 10 Pro",x64,4,447,,"D:\pvsi","2026-05-27 11:24:45"
COAT4,COMEX-COATEPEC4,AC:B4:80:2C:99:DD,201.97.164.44,offline,XALAP,XALAPA,3.66,"26.5 R150930",15-05-2026,10:42:07,"26.5 R150930",15-05-2026,"Microsoft Windows 11 Pro",x64,8,455,,"D:\PVSI","2026-05-27 10:56:43"
00072,COMEX-MOGOTE,AC:B4:80:37:77:E4,187.223.135.39,online,BAJAC,BAJA,3.66,"26.0.2_05.08 DBXW",27-05-2026,07:48:57,"26.5 R150930",15-05-2026,"Microsoft Windows 11 Pro",x64,8,1387,,"D:\PVSI","2026-05-27 11:24:52"
HSAHU,COMEX-PC,D0:27:88:E2:E0:C6,189.173.111.37,offline,HERMO,HERMOSILLO,3.66,"26.0.2_05.08 DBXW",25-05-2026,13:54:33,,,"Microsoft Windows 7 Professional",x64,8,465,,"D:\PVSI","2026-05-25 15:53:11"
HSALU,COMEX-PC,38:60:77:E0:3F:26,189.173.213.231,online,HERMO,HERMOSILLO,3.66,"26.0.2_05.08 DBXW",27-05-2026,09:03:33,,,"Microsoft Windows 7 Professional",x86,3,298,,"D:\PVSI","2026-05-27 11:24:16"
HFUEN,COMEX-PC,D0:27:88:CE:D7:F5,189.173.123.183,offline,HERMO,HERMOSILLO,3.66,"26.0.2_05.08 DBXW",27-05-2026,18:54:07,,,"Microsoft Windows 7 Professional",x86,3,466,,"D:\PVSI","2026-05-27 08:05:04"
XTLAL,COMEX-TLALTETEL,BC:EE:7B:71:AB:CE,187.251.140.113,online,XALAP,XALAPA,3.66,"26.0.2_05.08 DBXW",27-05-2026,08:33:30,"26.5.5 R957",07-05-2026,"Microsoft Windows 10 Pro",x64,8,1175,,"D:\PVSI","2026-05-27 11:24:42"
CARRI,COMEXCARRIZAL,D8:43:AE:2A:D5:C2,201.111.184.169,online,XALAP,XALAPA,3.66,"26.0.2_05.08 DBXW",27-05-2026,09:25:42,26.4.24,28-04-2026,"Microsoft Windows 11 Pro",x64,8,476,,"D:\PVSI","2026-05-27 11:24:45"
XSANM,COMEXSANMARCOS,A8:41:F4:E0:07:E9,201.105.16.37,online,XALAP,XALAPA,3.66,"26.0.2_05.08 DBXW",27-05-2026,09:49:04,"26.5.5 R957",08-05-2026,"Microsoft Windows 11 Pro",x64,8,475,,"D:\PVSI","2026-05-27 11:24:50"
XMIGU,COMEXSNMIGUEL,E8:84:A5:F1:4C:53,201.111.177.253,online,XALAP,XALAPA,3.66,"26.0.2_05.08 DBXW",27-05-2026,19:12:21,"26.4.30 C",30-04-2026,"Microsoft Windows 10 Pro",x64,7,911,,"D:\PVSI","2026-05-27 11:24:21"
HURES,COMEXURES,B0:7B:25:2C:61:F8,189.173.152.250,online,HERMO,HERMOSILLO,3.66,"26.0.2_05.08 DBXW",27-05-2026,07:56:29,,,"Microsoft Windows 11 Pro",x64,8,445,,"D:\PVSI","2026-05-27 11:24:39"
Z14GT,COMEXZONA14,E4:54:E8:9D:95:BD,181.209.151.196,online,GUATE,GUATEMALA,3.66,"26.0.2_05.08 DBXW",27-05-2026,08:02:11,,,"Microsoft Windows 11 Pro",x64,8,678,,"D:\PVSI","2026-05-27 11:24:06"
CONGR,CONGRESO,94:DE:80:1E:C7:D7,201.105.7.130,online,XALAP,XALAPA,3.66,"26.0.2_05.08 DBXW",27-05-2026,11:12:43,"26.5.5 R957",07-05-2026,"Microsoft Windows 10 Enterprise LTSC",x64,4,931,,"D:\PVSI","2026-05-27 11:24:05"
00022,COROMUEL-PVSI,E0:73:E7:10:30:D8,187.223.12.35,online,BAJAC,BAJA,3.66,"26.0.2_05.08 DBXW",27-05-2026,09:23:19,"26.5 R150930",15-05-2026,"Microsoft Windows 11 Pro",x64,8,930,,"D:\PVSI","2026-05-27 11:24:06"
COSAU,COSAUTLAN,44:8A:5B:96:C2:CB,201.97.169.234,offline,XALAP,XALAPA,3.66,"26.0.2_05.08 DBXW",25-05-2026,11:48:10,"26.5.5 R957",07-05-2026,"Microsoft Windows 10 Pro",x64,4,940,,"D:\pvsi","2026-05-25 14:59:36"
COSTE,COSTERA01,1C:1B:0D:0B:7D:6E,189.148.58.34,online,TAPAC,TAPACHULA,3.66,"26.0.2_05.08 DBXW",27-05-2026,08:45:22,,,"Microsoft Windows 10 Home Single Language",x64,4,2328,,"D:\PVSI","2026-05-27 11:24:44"
PCOZC,COZUMEL3,B0:4F:13:13:DE:42,189.174.135.195,online,PENLA,PENINSULA,3.66,"26.0.2_05.08 DBXW",27-05-2026,05:04:44,"26.5 R150930",15-05-2026,"Microsoft Windows 11 Pro",x64,8,910,,"D:\PVSI","2026-05-27 11:24:42"
00084,DELTA-PVSI,AC:B4:80:37:78:90,187.223.31.75,online,BAJAC,BAJA,3.66,"26.0.2_05.08 DBXW",27-05-2026,07:56:31,"26.5 R150930",15-05-2026,"Microsoft Windows 11 Pro",x64,8,921,,"D:\PVSI","2026-05-27 11:24:22"
VESGT,DESKTOP-0DNJPA2,18:03:73:18:52:70,186.151.64.42,online,GUATE,GUATEMALA,3.66,"26.0.2_05.08 DBXW",25-05-2026,09:25:52,,,"Microsoft Windows 10 Pro",x64,8,447,,"D:\PVSI","2026-05-27 11:24:52"
NALTA,DESKTOP-14K1FCT,18:C0:4D:9E:DE:ED,186.1.1.26,online,NICAR,NICARAGUA,3.66,"26.0.2_05.08 DBXW",27-05-2026,08:38:35,,,"Microsoft Windows 11 Pro",x64,8,223,,"C:\PVSI","2026-05-27 11:24:03"
NLIVI,DESKTOP-1TEAGFM,58:11:22:19:E3:37,186.1.40.10,online,NICAR,NICARAGUA,3.66,"26.0.2_05.05 DBXW",11-05-2026,11:26:01,,,"Microsoft Windows 11 Pro",x64,8,223,,"C:\ProgramData\DistributionAgent\files","2026-05-27 11:24:21"
PTULB,DESKTOP-21CC2DS,B0:4F:13:0F:66:38,187.147.17.128,online,PENLA,PENINSULA,3.66,"26.0.2_05.08 DBXW",27-05-2026,11:00:13,"26.5 R150930",15-05-2026,"Microsoft Windows 11 Pro",x64,8,476,,"D:\PVSI","2026-05-27 11:24:03"
XXICB,DESKTOP-22SSL0B,44:8A:5B:2E:DC:B9,201.97.188.187,online,XALAP,XALAPA,3.66,"26.0.2_05.08 DBXW",27-05-2026,10:45:25,"26.5 R150930",15-05-2026,"Microsoft Windows 10 Pro",x64,3,954,,"D:\PVSI","2026-05-27 11:23:59"
XLUZB,DESKTOP-2KS29KS,94:DE:80:EB:0A:93,201.97.168.134,online,XALAP,XALAPA,3.66,"26.0.2_05.08 DBXW",27-05-2026,10:24:49,"26.5.5 R957",07-05-2026,"Microsoft Windows 10 Pro",x64,4,476,,"D:\PVSI","2026-05-27 11:24:29"
FRAGT,DESKTOP-3CTMKOM,E4:54:E8:9D:98:D0,190.148.50.32,offline,GUATE,GUATEMALA,3.33,"26.0.2_03.11 DBXW",16-04-2026,08:22:07,,,"Microsoft Windows 11 Pro",x64,8,446,,"C:\PVSI","2026-04-28 13:28:41"
MAZGT,DESKTOP-3GOU8A8,88:51:FB:44:D7:A9,190.143.186.96,online,GUATE,GUATEMALA,3.66,"26.0.2_04.28 DBXW",08-05-2026,08:38:51,,,"Microsoft Windows 10 Pro",x64,8,463,,"E:\KINGSTON\PVSI","2026-05-27 11:24:18"
ANTGT,DESKTOP-3GOU8A8,F0:92:1C:F2:C4:CE,190.56.171.205,offline,GUATE,GUATEMALA,3.63,,,,,,"Microsoft Windows 10 Pro",x64,16,463,,"C:\ProgramData\DistributionAgent\files","2026-05-21 16:29:58"
XPRAD,DESKTOP-3HHGM85,E4:54:E8:D8:22:EA,201.105.117.24,online,XALAP,XALAPA,3.66,"26.0.2_05.08 DBXW",27-05-2026,08:08:32,"26.5.5 R957",07-05-2026,"Microsoft Windows 10 Pro",x64,4,915,,"D:\PVSI","2026-05-27 11:24:21"
PCEDJ,DESKTOP-5VIDPB8,B0:4F:13:0F:58:25,187.152.141.91,online,PENLA,PENINSULA,3.66,"26.0.2_05.08 DBXW",24-05-2026,10:51:21,,,"Microsoft Windows 11 Pro",x64,8,455,,"D:\PVSI","2026-05-27 11:24:41"
NMAGA,DESKTOP-7I8355S,04:7C:16:42:34:46,186.1.5.60,offline,NICAR,NICARAGUA,3.42,"26.0.2_04.19 DBXW",29-04-2026,10:12:50,,,"Microsoft Windows 11 Pro",x64,8,222,,"C:\ProgramData\DistributionAgent\files","2026-05-03 11:19:38"
MARZO,DESKTOP-84V728G,64:51:06:45:3C:01,201.97.220.114,online,XALAP,XALAPA,3.66,"26.0.2_05.08 DBXW",27-05-2026,07:58:55,26.4.28,28-04-2026,"Microsoft Windows 10 Pro",x64,6,465,,"D:\PVSI","2026-05-27 11:24:21"
,DESKTOP-8BMAATJ,10:B6:76:49:7A:CA,201.111.191.210,offline,,,3.63,,,,,,"Microsoft Windows 10 Pro",x64,16,476,,"C:\ProgramData\DistributionAgent\files","2026-05-22 15:03:56"
GUERR,DESKTOP-8BR0FBV,94:DE:80:17:6A:66,189.148.54.180,online,TAPAC,TAPACHULA,3.66,"26.0.2_05.08 DBXW",27-05-2026,08:08:04,,,"Microsoft Windows 10 Pro N",x64,4,1419,,"D:\PVSI","2026-05-27 11:24:49"
GJOCO,DESKTOP-8LVEMSD,10:98:19:28:B3:04,189.181.233.25,online,GUADA,CHAPALA,3.66,"26.0.2_05.08 DBXW",27-05-2026,18:15:40,,,"Microsoft Windows 11 Pro",x64,8,455,,"D:\PVSI","2026-05-27 11:24:48"
TEOCE,DESKTOP-8P2RR95,20:53:8D:03:41:F0,201.97.190.169,online,XALAP,XALAPA,3.66,"26.0.2_05.08 DBXW",27-05-2026,09:44:37,"26.5.5 R957",08-05-2026,"Microsoft Windows 11 Pro",x64,8,475,,"D:\pvsi","2026-05-27 11:24:01"
NCAMA,DESKTOP-96ROG66,D8:BB:C1:D2:5B:B7,186.1.1.44,online,NICAR,NICARAGUA,3.66,"26.0.2_03.03 DBXW",25-03-2026,06:54:25,,,"Microsoft Windows 11 Pro",x64,8,476,,"C:\ProgramData\DistributionAgent\files","2026-05-27 11:24:11"
COAT5,DESKTOP-9L1U5PL,74:D4:35:44:9C:E4,201.111.230.252,online,XALAP,XALAPA,3.66,"26.0.2_05.08 DBXW",27-05-2026,09:05:10,"26.5.5 R957",08-05-2026,"Microsoft Windows 10 Pro",x64,4,900,,"D:\pvsi","2026-05-27 11:24:08"
XJALC,DESKTOP-A56ROB3,44:8A:5B:CE:4A:CA,201.97.209.43,online,XALAP,XALAPA,3.66,"26.0.2_05.08 DBXW",27-05-2026,08:26:37,"26.5.5 R957",07-05-2026,"Microsoft Windows 10 Pro",x64,4,900,,"D:\PVSI","2026-05-27 11:24:39"
00077,DESKTOP-A86R6Q9,1C:1B:0D:CA:FA:B3,201.108.80.35,online,BAJAC,BAJA,3.66,"26.0.2_05.08 DBXW",27-05-2026,18:19:59,"26.5 R150930",15-05-2026,"Microsoft Windows 10 Pro",x64,8,931,,"D:\PVSI","2026-05-27 11:24:13"
NCEDI,DESKTOP-C77OCUR,D0:37:45:D0:E7:DC,186.1.41.200,online,NICAR,NICARAGUA,3.66,"26.0.2_05.08 DBXW",27-05-2026,08:10:50,,,"Microsoft Windows 11 Pro",x64,8,223,,"C:\PVSI","2026-05-27 11:24:29"
ATENA,DESKTOP-D1AOI3R,B0:4F:13:16:B7:EC,201.111.185.125,online,XALAP,XALAPA,3.66,"26.0.2_05.08 DBXW",27-05-2026,09:53:03,"26.5 R150930",15-05-2026,"Microsoft Windows 10 Pro",x64,8,913,,"D:\PVSI","2026-05-27 11:24:00"
,DESKTOP-E1NFBT8,F4:26:79:4F:5D:A8,187.252.192.29,online,,,3.66,,,,,,"Microsoft Windows 11 Pro",x64,8,910,,"C:\ProgramData\DistributionAgent\files","2026-05-27 11:24:05"
XJOYA,DESKTOP-E3G0JFR,4C:72:B9:43:81:CE,201.111.163.73,online,XALAP,XALAPA,3.66,"26.0.2_05.08 DBXW",27-05-2026,08:56:41,"26.5 R270900",27-05-2026,"Microsoft Windows 10 Pro",x64,2,542,,"D:\PVSI","2026-05-27 11:24:07"
,DESKTOP-E6N1J20,5C:60:BA:39:71:F6,187.175.51.103,online,,,3.66,,,,,,"Microsoft Windows 11 Pro",x64,8,930,,"C:\ProgramData\DistributionAgent\files","2026-05-27 11:24:24"
,DESKTOP-E6N1J20,3C:55:76:4A:13:DF,187.155.122.247,offline,,,2.86.0,,,,,,"Microsoft Windows 11 Pro",x64,8,930,,"C:\ProgramData\DistributionAgent\files","2026-04-23 22:42:56"
HCAAB,DESKTOP-ED4M3UM,98:EE:CB:69:CB:73,189.173.90.49,online,HERMO,HERMOSILLO,3.66,"26.0.2_05.08 DBXW",27-05-2026,08:09:24,,,"Microsoft Windows 11 Pro",x64,6,930,,"D:\PVSI","2026-05-27 11:24:26"
COAT2,DESKTOP-FJGE8L5,30:03:C8:83:6A:43,201.111.161.212,online,XALAP,XALAPA,3.66,"26.0.2_05.08 DBXW",27-05-2026,10:51:36,"26.5.5 R957",07-05-2026,"Microsoft Windows 11 Pro",x64,16,930,,"D:\pvsi","2026-05-27 11:23:59"
NESTE,DESKTOP-HF4NSUV,D8:5E:D3:E8:7E:4D,186.1.14.36,online,NICAR,NICARAGUA,3.66,"26.0.2_04.19 DBXW",24-04-2026,07:50:38,,,"Microsoft Windows 11 Pro",x64,8,687,,"D:\PVSINO","2026-05-27 11:24:03"
XRAFA,DESKTOP-HVGOKO1,B0:4F:13:0F:06:8E,201.111.176.74,online,XALAP,XALAPA,3.66,"26.5.5 R957",07-05-2026,11:16:59,"26.5.5 R957",07-05-2026,"Microsoft Windows 11 Pro",x64,8,910,,"D:\PVSI","2026-05-27 11:24:44"
,DESKTOP-I7IRDAS,E0:D5:5E:30:94:53,186.1.35.54,online,,,3.66,,,,,,"Microsoft Windows 10 Pro",x64,8,930,,"C:\ProgramData\DistributionAgent\files","2026-05-27 11:24:31"
,DESKTOP-IN81J8L,B0:4F:13:10:2E:72,201.152.49.203,online,,,3.66,,,,,,"Microsoft Windows 11 Pro",x64,8,931,,"C:\ProgramData\DistributionAgent\files","2026-05-27 11:24:00"
,DESKTOP-INGAIQN,5C:60:BA:39:6D:6F,187.252.192.29,online,,,3.66,,,,,,"Microsoft Windows 11 Pro",x64,8,930,,"C:\ProgramData\DistributionAgent\files","2026-05-27 11:24:19"
ESTAC,DESKTOP-IOPMI5G,44:8A:5B:96:C7:A4,189.148.55.144,online,TAPAC,,3.66,"26.0.2_05.08 DBXW",27-05-2026,10:30:32,,,"Microsoft Windows 10 Pro",x64,4,476,,"D:\PVSI","2026-05-27 11:24:03"
XESTA,DESKTOP-J9CS50E,28:87:BA:D9:1C:12,201.105.9.16,online,XALAP,XALAPA,3.66,"26.0.2_05.08 DBXW",27-05-2026,08:06:06,"26.5.5 R957",08-05-2026,"Microsoft Windows 10 Pro",x64,4,730,,"D:\PVSI","2026-05-27 11:24:58"
ACTOP,DESKTOP-JG53CV8,AC:B4:80:2E:B7:FE,201.97.189.186,online,XALAP,XALAPA,3.66,"26.0.2_05.08 DBXW",27-05-2026,11:14:32,"26.5.5 R957",07-05-2026,"Microsoft Windows 11 Pro",x64,8,455,,"D:\PVSI","2026-05-27 11:24:04"
NGRAN,DESKTOP-JV6UVGK,6C:FD:B9:D6:6F:17,186.1.17.70,offline,NICAR,NICARAGUA,3.65,"26.0.2_05.05 DBXW",23-05-2026,08:53:40,,,"Microsoft Windows 10 Pro",x64,3,465,,"D:\PVSI","2026-05-23 11:58:52"
PCOZD,DESKTOP-K1H0NQV,B0:4F:13:10:23:A5,189.176.66.107,online,PENLA,PENINSULA,3.66,"26.5 R150930",15-05-2026,12:13:16,"26.5 R150930",15-05-2026,"Microsoft Windows 11 Pro",x64,8,910,,"D:\PVSI","2026-05-27 11:24:27"
HVENB,DESKTOP-KDSHPIB,5C:61:99:0F:43:01,189.173.213.231,online,HERMO,,3.66,,,,,,"Microsoft Windows 11 Pro",x64,8,930,,"D:\HVEND","2026-05-27 11:24:56"
REYEB,DESKTOP-KVU69QL,AC:B4:80:2E:B8:CB,187.221.40.88,online,REYES,,3.66,"26.0.2_05.08 DBXW",27-05-2026,09:18:20,,,"Microsoft Windows 11 Pro",x64,8,650,,"D:\PVSI","2026-05-27 11:24:43"
,DESKTOP-LKG91PN,B0:4F:13:16:CF:85,187.147.14.182,online,,,3.66,,,,,,"Microsoft Windows 10 Pro",x64,8,476,,"C:\ProgramData\DistributionAgent\files","2026-05-27 11:24:44"
XICOC,DESKTOP-M4CAG0S,BC:EE:7B:73:79:3A,201.111.150.148,online,XALAP,XALAPA,3.66,"26.0.2_05.08 DBXW",27-05-2026,07:26:59,"26.5.4 E",04-05-2026,"Microsoft Windows 10 Home Single Language",x64,8,931,,"D:\pvsi","2026-05-27 11:24:03"
NMAYO,DESKTOP-M6MMODR,18:C0:4D:9E:E5:BB,186.1.3.86,online,NICAR,NICARAGUA,3.66,"26.0.2_05.08 DBXW",24-05-2026,12:00:44,,,"Microsoft Windows 11 Pro",x64,8,223,,"C:\ProgramData\DistributionAgent\files","2026-05-27 11:24:58"
RINCO,DESKTOP-M92OGL2,1C:1B:0D:0B:5F:04,201.97.162.67,online,XALAP,XALAPA,3.66,"26.0.2_05.08 DBXW",27-05-2026,08:13:46,"26.5.5 R957",07-05-2026,"Microsoft Windows 10 Pro",x64,4,912,,"D:\pvsi","2026-05-27 11:24:32"
,DESKTOP-MBMS43M,E0:73:E7:10:57:8A,187.252.192.29,online,,,3.66,,,,,,"Microsoft Windows 11 Pro",x64,8,931,,"C:\ProgramData\DistributionAgent\files","2026-05-27 11:24:39"
,DESKTOP-MBMS43M,74:97:79:17:BF:9B,187.252.204.200,offline,,,3.50,,,,,,"Microsoft Windows 11 Pro",x64,8,931,,"C:\ProgramData\DistributionAgent\files","2026-05-08 08:50:19"
PRESI,DESKTOP-MG3GIRC,E4:54:E8:D8:1A:7D,201.105.60.167,online,XALAP,XALAPA,3.66,"26.0.2_05.08 DBXW",27-05-2026,08:56:55,"26.5.5 R957",07-05-2026,"Microsoft Windows 10 Pro",x64,8,915,,"D:\pvsi","2026-05-27 11:24:53"
,DESKTOP-MJO8HJJ,D0:C5:D3:7C:FD:D9,177.225.88.43,offline,,,2.48.0,,,,,,"Microsoft Windows 10 Home Single Language",x64,16,238,,"C:\Descargar","2026-04-17 03:20:37"
,DESKTOP-NQMKIBE,C0:A5:E8:D4:0A:B2,187.152.141.91,online,,,3.66,,,,,,"Microsoft Windows 11 Home Single Language",x64,8,454,,"C:\ProgramData\DistributionAgent\files","2026-05-27 11:24:07"
PTULC,DESKTOP-P05988D,10:98:19:2B:EB:51,187.175.51.103,online,PENLA,PENINSULA,3.66,"26.0.2_05.08 DBXW",27-05-2026,07:51:25,"26.5 R150930",15-05-2026,"Microsoft Windows 11 Pro",x64,8,455,,"D:\PVSI","2026-05-27 11:24:22"
CANDR,DESKTOP-P968P8U,A8:3C:A5:29:19:7E,187.150.48.177,online,CHETU,CHETUMAL,3.66,"26.0.2_05.08 DBXW",27-05-2026,07:56:13,"26.5 R150930",15-05-2026,"Microsoft Windows 11 Pro",x64,8,474,,"D:\PVSI","2026-05-27 11:24:18"
PJUAR,DESKTOP-QPAVP2Q,B0:4F:13:0F:59:6E,187.152.178.64,online,PENLA,PENINSULA,3.66,"26.0.2_05.08 DBXW",27-05-2026,11:20:10,"26.5 R150930",15-05-2026,"Microsoft Windows 11 Pro",x64,8,910,,"D:\PVSI","2026-05-27 11:24:16"
PCOZB,DESKTOP-R0QMRTM,B0:4F:13:10:2B:46,189.176.103.169,online,PENLA,PENINSULA,3.66,"26.0.2_05.08 DBXW",27-05-2026,08:10:25,"26.5 R150930",15-05-2026,"Microsoft Windows 11 Pro",x64,8,910,,"D:\PVSI","2026-05-27 11:24:42"
CHMGT,DESKTOP-S481TGC,6C:62:6D:4D:1C:1C,190.148.53.134,online,CHETU,CHETUMAL,3.66,"26.0.2_05.08 DBXW",27-05-2026,09:43:36,,,"Microsoft Windows 10 Pro",x64,16,229,,"D:\PVSI","2026-05-27 11:24:58"
PEJID,DESKTOP-TOOENFT,B0:4F:13:10:2C:CB,189.176.65.5,online,PENLA,PENINSULA,3.66,"26.0.2_05.08 DBXW",27-05-2026,11:05:49,"26.5 R150930",15-05-2026,"Microsoft Windows 11 Pro",x64,8,910,,"D:\PVSI","2026-05-27 11:24:30"
COTHO,DESKTOP-TQ8B0HV,A8:3C:A5:29:0C:40,187.155.223.89,online,CHETU,CHETUMAL,3.66,"26.0.2_05.08 DBXW",27-05-2026,08:52:33,"26.5 R150930",15-05-2026,"Microsoft Windows 11 Pro",x64,8,474,,"D:\PVSI","2026-05-27 11:24:36"
MIRAD,DESKTOP-UU3608E,E4:54:E8:D8:1B:84,201.105.54.91,online,XALAP,XALAPA,3.66,"26.0.2_05.08 DBXW",27-05-2026,07:56:32,"26.5.5 R957",07-05-2026,"Microsoft Windows 11 Pro",x64,8,915,,"D:\PVSI","2026-05-27 11:24:05"
ESCGT,DESKTOP-VDBD9AK,30:16:9D:BF:A0:D2,190.148.50.43,online,GUATE,GUATEMALA,3.66,"26.0.2_05.08 DBXW",27-05-2026,09:13:19,,,"Microsoft Windows 10 Pro",x64,16,223,,"C:\PVSI","2026-05-27 11:24:16"
CCONS,DESKTOP-VQH3C3N,A8:3C:A5:29:1B:64,187.150.53.97,online,CHETU,CHETUMAL,3.66,"26.0.2_05.08 DBXW",27-05-2026,08:25:51,"26.5 R150930",15-05-2026,"Microsoft Windows 11 Pro",x64,8,474,,"D:\PVSI","2026-05-27 11:24:34"
EBANO,EBANO,B0:4F:13:16:BB:16,201.111.175.212,online,XALAP,XALAPA,3.66,"26.0.2_05.08 DBXW",27-05-2026,11:20:05,"26.5.5 R957",07-05-2026,"Microsoft Windows 10 Enterprise LTSC",x64,8,913,,"D:\pvsi","2026-05-27 11:23:58"
PCOTF,EDGARMUKUL,D4:E9:8A:46:9F:BF,201.152.49.203,offline,PENLA,PENINSULA,3.66,"26.0.2_04.28 DBXW",05-05-2026,08:02:41,,,"Microsoft Windows 11 Home Single Language",x64,8,454,,"C:\PVSI","2026-05-27 08:40:10"
XCAST,ELCASTILLO,B0:7B:25:01:BB:C1,201.111.150.216,online,XALAP,XALAPA,3.66,"26.0.2_05.08 DBXW",27-05-2026,08:14:35,"26.5 R150930",15-05-2026,"Microsoft Windows 10 Enterprise LTSC",x64,8,911,,"D:\PVSI","2026-05-27 11:24:06"
TESTA,ESTADIO,E4:54:E8:CE:EA:9A,189.148.17.171,online,TAPAC,TAPACHULA,3.66,"26.0.2_05.08 DBXW",27-05-2026,11:19:28,,,"Microsoft Windows 10 Home Single Language",x64,8,917,,"D:\PVSI","2026-05-27 11:24:51"
00028,FORJADORES-PC,BC:EE:7B:78:E8:46,187.223.37.68,online,BAJAC,BAJA,3.66,"26.0.2_05.08 DBXW",27-05-2026,08:29:49,"26.5 R150930",15-05-2026,"Microsoft Windows 10 Home Single Language",x64,8,931,,"D:\PVSI","2026-05-27 11:24:56"
CFORJ,FORJADORES-PVSI,E8:65:38:CE:85:5D,201.108.103.124,online,CHETU,CHETUMAL,3.66,"26.5 R150930",15-05-2026,11:12:07,"26.5 R150930",15-05-2026,"Microsoft Windows 11 Pro",x64,8,474,,"D:\PVSI","2026-05-27 11:24:19"
CDHID,FRONTERA1,E0:3F:49:17:1E:1C,189.148.50.193,online,TAPAC,TAPACHULA,3.66,"26.0.2_05.08 DBXW",27-05-2026,09:03:17,,,"Microsoft Windows 10 Home Single Language",x64,8,893,,"D:\PVSI","2026-05-27 11:24:13"
FUENT,FUENTE01,1C:1B:0D:CA:FF:56,201.105.123.198,online,XALAP,XALAPA,3.66,"26.0.2_05.08 DBXW",27-05-2026,08:28:29,"26.5.5 R957",08-05-2026,"Microsoft Windows 10 Enterprise LTSC",x64,8,931,,"D:\PVSI","2026-05-27 11:24:08"
GALAX,GALAXIAS,38:D5:7A:AA:0C:4B,189.148.14.147,online,TAPAC,TAPACHULA,3.66,"26.0.2_05.08 DBXW",27-05-2026,17:54:19,,,"Microsoft Windows 11 Pro",x64,8,930,,"D:\PVSI","2026-05-27 11:24:42"
00109,GASTELUM-PVSI,BC:E9:2F:9F:51:1C,187.199.226.31,online,BAJAC,BAJA,3.66,"26.0.2_05.08 DBXW",27-05-2026,08:52:03,"26.5 R150930",15-05-2026,"Microsoft Windows 11 Pro",x64,8,930,,"D:\PVSI","2026-05-27 11:24:34"
,GERENCIAB2B,74:3A:F4:3D:F9:32,187.152.141.91,offline,,,3.66,,,,,,"Microsoft Windows 11 Home Single Language",x64,8,476,,"C:\ProgramData\DistributionAgent\files","2026-05-26 19:24:22"
,GERENCIAB2B,76:3A:F4:3D:F9:32,201.152.48.91,offline,,,3.60,,,,,,"Microsoft Windows 11 Home Single Language",x64,8,476,,"C:\ProgramData\DistributionAgent\files","2026-05-18 09:12:59"
XRESE,GRANRESERVA,B0:4F:13:10:2C:FA,201.111.237.139,online,XALAP,XALAPA,3.66,"26.0.2_05.08 DBXW",27-05-2026,11:20:01,"26.5.5 R957",07-05-2026,"Microsoft Windows 11 Pro",x64,8,930,,"D:\pvsi","2026-05-27 11:24:11"
GVEND,GVEND,70:08:94:8B:DE:69,189.203.6.45,online,GUADA,GUDALAJARA,3.66,"26.0.2_05.08 DBXW",17-05-2026,09:20:54,,,"Microsoft Windows 11 Home Single Language",x64,8,475,,"D:\PVSI","2026-05-27 11:24:15"
GVENE,GVENE,70:08:94:85:C7:6B,189.203.6.45,online,GUADA,GUDALAJARA,3.66,"26.0.2_05.08 DBXW",19-05-2026,10:32:04,,,"Microsoft Windows 11 Home Single Language",x64,8,475,,"D:\PVSI","2026-05-27 11:24:53"
HCONQ,HCONQ,64:66:B3:A4:74:AD,189.173.145.98,offline,HERMO,HERMOSILLO,3.66,"26.0.2_05.08 DBXW",26-05-2026,07:07:06,,,"Microsoft Windows 7 Professional",x86,3,466,,"D:\pvsi","2026-05-26 09:15:00"
HCOTE,HCOTE,E4:60:17:A2:42:70,189.173.213.231,offline,HERMO,,3.66,,,,,,"Microsoft Windows 11 Home Single Language",x64,8,454,,"C:\PVSI","2026-05-26 12:29:11"
,HIDALGO03,3C:55:76:4A:13:49,189.148.13.172,online,TAPAC,TAPACHULA,3.66,,,,,,"Microsoft Windows 11 Pro",x64,8,930,,"D:\$RECYCLE.BIN\S-1-5-21-3951420354-1418552362-2150399294-1001\$RAD1K3L","2026-05-27 11:24:48"
HUETA,HUEHUETAN,F4:26:79:52:02:47,189.148.5.208,online,TAPAC,TAPACHULA,3.66,"26.0.2_05.08 DBXW",27-05-2026,08:17:20,,,"Microsoft Windows 11 Pro",x64,8,910,,"D:\PVSI","2026-05-27 11:24:11"
TINDE,INDECO,1C:69:7A:9B:F9:56,189.148.53.16,online,TAPAC,TAPACHULA,3.66,"26.0.2_05.08 DBXW",27-05-2026,18:48:34,,,"Microsoft Windows 10 Pro N",x64,8,953,,"D:\PVSI","2026-05-27 11:24:08"
00087,INSURGENTES-PVS,B0:4F:13:16:BB:C0,187.194.28.41,online,BAJAC,BAJA,3.66,"26.0.2_05.08 DBXW",27-05-2026,18:27:47,"26.5 R150930",15-05-2026,"Microsoft Windows 11 Pro",x64,8,952,,"D:\PVSI","2026-05-27 11:24:29"
INTER,INTERNADO,1C:1B:0D:1B:C0:C1,189.148.23.7,online,TAPAC,TAPACHULA,3.66,"26.0.2_05.08 DBXW",27-05-2026,10:29:01,,,"Microsoft Windows 7 Professional",x86,3,466,,"D:\PVSI","2026-05-27 11:24:50"
JARDI,JARDINES01,AC:B4:80:37:7A:F8,201.111.175.2,online,XALAP,XALAPA,3.66,"26.5.5 R957",08-05-2026,19:05:35,"26.5.5 R957",08-05-2026,"Microsoft Windows 10 Enterprise LTSC",x64,8,456,,"D:\PVSI","2026-05-27 11:24:19"
TJOYA,JOYA,84:9E:56:9A:64:CB,189.148.31.23,online,TAPAC,TAPACHULA,3.66,"26.0.2_05.08 DBXW",27-05-2026,16:51:13,,,"Microsoft Windows 11 Pro",x64,8,456,,"D:\PVSI","2026-05-27 11:24:13"
XELJU,JUGUETE,F4:F1:9E:19:F5:4A,201.111.198.116,online,XALAP,XALAPA,3.66,"26.0.2_05.08 DBXW",27-05-2026,10:32:29,"26.5.5 R957",05-05-2026,"Microsoft Windows 10 Enterprise LTSC",x64,8,475,,"D:\PVSI","2026-05-27 11:24:08"
KRIST,KRISTAL01,74:D4:35:44:7E:A8,201.105.95.88,online,XALAP,XALAPA,3.66,"26.0.2_04.28 DBXW",05-05-2026,08:02:00,,,"Microsoft Windows 10 Enterprise LTSC",x64,8,931,,"D:\PVSI","2026-05-27 11:23:37"
00117,LA-JOYA,04:7C:16:F7:CE:30,189.141.128.114,online,BAJAC,BAJA,3.66,"26.0.2_03.11 DBXW",04-04-2026,08:18:37,"26.5 R150930",15-05-2026,"Microsoft Windows 11 Pro",x64,8,475,,"D:\PVSI","2026-05-27 11:24:06"
MLLUZ,LALUZ-PV-01,A8:A1:59:DE:AA:5B,187.220.98.164,online,MANZA,MANZANILLO,3.66,"26.0.2_05.08 DBXW",27-05-2026,08:59:29,,,"Microsoft Windows 11 Pro",x64,8,446,,"D:\PVSI","2026-05-27 11:24:38"
,LAPIZAUX,74:27:EA:DB:C0:9B,189.181.35.14,online,,,3.66,,,,,,"Microsoft Windows 10 Home Single Language",x64,4,223,,"C:\ProgramData\DistributionAgent\files","2026-05-27 11:24:13"
GLAPI,LAPIZLAZULI,B0:4F:13:0F:08:C6,189.181.35.14,online,GUADA,GUDALAJARA,3.66,"26.0.2_05.08 DBXW",27-05-2026,08:59:00,,,"Microsoft Windows 10 Pro",x64,8,910,,"D:\PVSI","2026-05-27 11:24:52"
NVENB,LAPTOP-JCQC1HCI,CC:6B:1E:7C:3C:0F,190.212.129.202,offline,NICAR,NICARAGUA,3.66,"26.0.2_05.05 DBXW",18-05-2026,16:38:04,,,"Microsoft Windows 11 Home Single Language",x64,15,476,,"C:\PVSI","2026-05-26 14:56:54"
00113,LASOLAS-PVSI,E0:73:E7:10:41:62,187.223.49.124,online,BAJAC,BAJA,3.66,"26.0.2_05.08 DBXW",27-05-2026,09:23:34,"26.5 R150930",15-05-2026,"Microsoft Windows 11 Pro",x64,8,930,,"D:\PVSI","2026-05-27 11:24:31"
XVIGA,LASVIGAS,58:6C:25:C4:04:87,201.105.48.232,online,XALAP,XALAPA,3.66,"26.0.2_05.08 DBXW",27-05-2026,09:54:53,"26.5.5 R957",07-05-2026,"Microsoft Windows 10 Pro",x64,8,912,,"D:\PVSI","2026-05-27 11:24:08"
HVILL,LASVILLAS,C8:A3:E8:F4:D4:DB,187.158.99.21,offline,HERMO,HERMOSILLO,3.66,"26.0.2_05.08 DBXW",27-05-2026,08:06:19,,,"Microsoft Windows 11 Pro",x64,8,476,,"D:\pvsi","2026-05-27 11:11:57"
LAURE,LAURELES,D4:5D:64:53:CB:39,189.148.10.25,offline,TAPAC,TAPACHULA,3.66,"26.0.2_05.08 DBXW",27-05-2026,07:36:04,,,"Microsoft Windows 10 Pro",x86,3,931,,"D:\PVSI","2026-05-27 10:52:43"
NVENE,LENOVO,B8:1E:A4:DA:0B:F1,186.77.205.239,offline,NICAR,NICARAGUA,3.65,"26.0.2_04.19 DBXW",27-04-2026,14:11:30,,,"Microsoft Windows 11 Home",x64,16,475,,"D:\PVSI\PVSI\PVSI","2026-05-23 06:40:07"
00107,LEONA-PVSI,B0:7B:25:01:D3:A3,189.143.23.32,offline,BAJAC,BAJA,3.66,"26.0.2_05.08 DBXW",26-05-2026,09:22:36,"26.5 R150930",15-05-2026,"Microsoft Windows 11 Pro",x64,8,930,,D:PVSI,"2026-05-26 15:04:06"
TLIBS,LIBRAMIENTO,F4:4E:E3:8E:E1:E9,189.148.19.216,online,TAPAC,TAPACHULA,3.66,"26.0.2_05.08 DBXW",27-05-2026,08:22:27,,,"Microsoft Windows 11 Pro",x64,8,912,,"D:\PVSI","2026-05-27 11:24:45"
00055,LUNAMAR,44:8A:5B:96:C6:A8,187.199.253.49,online,BAJAC,BAJA,3.66,"26.0.2_05.08 DBXW",27-05-2026,08:55:58,"26.5 R150930",15-05-2026,"Microsoft Windows 11 Pro",x64,5,1395,,"D:\PVSI","2026-05-27 11:24:19"
MMARI,M01-PV-01,E0:D5:5E:77:72:96,187.204.11.14,online,MANZA,MANZANILLO,3.66,"26.0.2_05.08 DBXW",27-05-2026,18:29:51,,,"Microsoft Windows 10 Pro",x64,8,446,,"D:\PVSI","2026-05-27 11:24:12"
MMACR,M02-PV-01,1C:99:57:C1:DA:4A,187.204.78.198,online,MANZA,MANZANILLO,3.66,,,,,,"Microsoft Windows 11 Pro",x64,8,911,,"D:\PVSI\PVSI","2026-05-27 11:24:56"
MVALG,M04,1C:99:57:BC:E4:09,177.248.135.109,online,MANZA,MANZANILLO,3.66,"26.0.2_05.08 DBXW",27-05-2026,08:48:28,,,"Microsoft Windows 11 Pro",x64,8,911,,"D:\PVSI","2026-05-27 11:24:14"
MSANT,M05,1C:99:57:CC:F5:51,187.204.10.154,online,MANZA,MANZANILLO,3.66,"26.0.2_05.08 DBXW",27-05-2026,18:57:03,,,"Microsoft Windows 11 Pro",x64,8,912,,"D:\PVSI","2026-05-27 11:24:15"
MCENT,M06,B0:7B:25:18:E0:E0,187.192.201.227,online,MANZA,MANZANILLO,3.66,"26.0.2_05.08 DBXW",27-05-2026,10:22:48,,,"Microsoft Windows 11 Pro",x64,8,911,,"D:\PVSI","2026-05-27 11:24:23"
MSORI,M08,D8:5E:D3:29:63:C2,187.204.86.146,online,MANZA,MANZANILLO,3.66,"26.0.2_04.28 DBXW",13-05-2026,08:30:50,,,"Microsoft Windows 10 Pro",x64,8,447,,"D:\PVSI","2026-05-27 11:24:32"
MROSA,M09-PV-01,18:C0:4D:C9:0A:9D,187.144.238.129,online,MANZA,MANZANILLO,3.66,"26.0.2_04.28 DBXW",13-05-2026,09:17:42,,,"Microsoft Windows 10 Pro",x64,8,447,,"D:\PVSI","2026-05-27 11:24:44"
MZAMO,M10-PV-01,F4:B5:20:40:9D:9B,187.204.86.126,online,MANZA,MANZANILLO,3.66,"26.0.2_05.08 DBXW",27-05-2026,08:44:52,,,"Microsoft Windows 11 Pro",x64,8,446,,"D:\PVSI","2026-05-27 11:24:10"
MCOLO,M11-PV-01,A8:A1:59:BE:3C:3B,187.220.103.135,online,MANZA,,3.66,"26.0.2_05.08 DBXW",27-05-2026,10:33:35,,,"Microsoft Windows 11 Pro",x64,8,446,,"D:\PVSI","2026-05-27 11:24:25"
MMINA,M12-PV-01,14:EB:B6:44:FA:EC,187.198.186.162,online,MANZA,MANZANILLO,3.66,"26.0.2_05.08 DBXW",27-05-2026,18:25:52,,,"Microsoft Windows 11 Pro",x64,8,446,,"D:\PVSI","2026-05-27 11:24:26"
PON17,MACAL,D8:CB:8A:1C:39:EE,189.148.30.13,online,TAPAC,TAPACHULA,3.66,"26.0.2_05.08 DBXW",27-05-2026,08:28:35,,,"Microsoft Windows 10 Home Single Language",x64,3,931,,"D:\PVSI","2026-05-27 11:24:35"
GMACR,MACRO-PVSI,90:2B:34:35:BE:C4,189.163.18.130,online,GUADA,GUDALAJARA,3.66,"26.0.2_05.08 DBXW",27-05-2026,09:44:25,,,"Microsoft Windows 10 Pro",x86,3,465,,"D:\PVSI","2026-05-27 11:24:09"
HMAGN,MAGNUM,94:DE:80:17:6A:78,189.173.154.246,online,HERMO,HERMOSILLO,3.66,"26.0.2_05.08 DBXW",27-05-2026,08:10:22,,,"Microsoft Windows 7 Professional",x86,3,453,,"D:\PVSI","2026-05-27 11:23:53"
MANAN,MANANTIALES-PVS,A8:3C:A5:2E:46:39,201.105.84.226,online,XALAP,XALAPA,3.66,"26.0.2_05.08 DBXW",27-05-2026,11:12:58,"26.5 R150930",15-05-2026,"Microsoft Windows 11 Pro",x64,8,376,,"D:\PVSI","2026-05-27 11:24:10"
XMART,MARTINICA01,7C:57:58:3E:6C:2A,201.111.181.218,online,XALAP,XALAPA,3.66,"26.0.2_05.08 DBXW",26-05-2026,18:25:04,"26.5.5 R957",07-05-2026,"Microsoft Windows 10 Pro",x64,8,931,,"D:\PVSI\PDF\PVSI","2026-05-27 11:24:53"
CMACX,MAXUAC-PVSI,A8:3C:A5:29:1A:9B,201.108.116.247,online,CHETU,CHETUMAL,3.66,"26.0.2_05.08 DBXW",27-05-2026,08:21:53,"26.5 R150930",15-05-2026,"Microsoft Windows 11 Pro",x64,8,474,,"D:\PVSI","2026-05-27 11:24:36"
TMAZA,MAZATAN,50:3E:AA:5C:7D:7F,189.148.63.214,online,TAPAC,TAPACHULA,3.66,"26.0.2_05.08 DBXW",27-05-2026,11:15:30,,,"Microsoft Windows 10 Pro",x86,2,931,,"D:\PVSI","2026-05-27 11:24:34"
PON05,MERCADO,50:3E:AA:98:7D:C7,189.148.62.107,offline,TAPAC,TAPACHULA,3.60,"26.0.2_04.28 DBXW",14-05-2026,08:05:34,,,"Microsoft Windows 10 Pro",x86,3,931,,"D:\PVSI","2026-05-14 16:01:52"
00058,MIRAMAR-PVSI,BC:F4:D4:9B:2C:B5,187.199.153.186,online,BAJAC,BAJA,3.66,"26.5 R150930",15-05-2026,10:11:58,"26.5 R150930",15-05-2026,"Microsoft Windows 11 Pro",x64,8,455,,"D:\PVSI","2026-05-27 11:24:45"
HMOCT,MOCTEZUMA,F4:4E:E3:8B:6F:A0,187.230.74.82,online,HERMO,HERMOSILLO,3.66,"26.0.2_05.08 DBXW",27-05-2026,07:59:58,,,"Microsoft Windows 11 Pro",x64,8,912,,"D:\PVSI","2026-05-27 11:24:39"
00082,MONTERREAL,CC:96:E5:18:BA:93,187.199.92.95,online,BAJAC,BAJA,3.66,"26.5 R150930",15-05-2026,10:14:36,"26.5 R150930",15-05-2026,"Microsoft Windows 11 Pro",x64,8,455,,"D:\pvsi","2026-05-27 11:24:21"
HMONT,MONTEVERDE,3C:0A:F3:4A:AD:91,189.173.198.254,online,HERMO,HERMOSILLO,3.66,"26.0.2_05.08 DBXW",27-05-2026,07:54:18,,,"Microsoft Windows 11 Pro",x64,8,475,,"D:\PVSI","2026-05-27 11:24:29"
XMONT,MONTMAG,18:C0:4D:BC:43:81,201.97.213.43,online,XALAP,XALAPA,3.66,"26.5.5 R957",07-05-2026,11:19:43,"26.5.5 R957",07-05-2026,"Microsoft Windows 10 Enterprise LTSC",x64,8,931,,"D:\PVSI","2026-05-27 11:24:18"
MURIL,MURILLO01,94:DE:80:1D:DF:FF,201.111.237.76,online,XALAP,XALAPA,3.66,"26.0.2_05.08 DBXW",27-05-2026,09:15:57,"26.5.5 R957",08-05-2026,"Microsoft Windows 10 Enterprise LTSC",x64,12,931,,"D:\PVSI","2026-05-27 11:24:50"
HNACZ,NACOZARI-PVSI,10:98:19:28:B1:EB,189.151.154.3,online,HERMO,HERMOSILLO,3.66,"26.0.2_05.08 DBXW",27-05-2026,07:59:06,,,"Microsoft Windows 11 Pro",x64,8,475,,"D:\PVSI","2026-05-27 11:24:06"
NORT8,NORT8,BC:EE:7B:75:00:1E,189.148.25.64,online,TAPAC,TAPACHULA,3.66,"26.0.2_05.08 DBXW",27-05-2026,10:05:45,,,"Microsoft Windows 10 Pro",x86,3,931,,"D:\PVSI","2026-05-27 11:24:24"
9NORT,NOVENA,B0:4F:13:0E:88:A3,189.148.34.69,online,TAPAC,TAPACHULA,3.66,"26.0.2_05.08 DBXW",27-05-2026,07:58:03,,,"Microsoft Windows 11 Pro",x64,8,952,,"D:\PVSI","2026-05-27 11:24:18"
HNUEV,NUEVOHILLO,D0:27:88:E1:D2:5E,187.158.34.44,online,HERMO,HERMOSILLO,3.66,"26.0.2_05.08 DBXW",27-05-2026,07:53:26,,,"Microsoft Windows 7 Professional",x86,3,466,,"D:\pvsi","2026-05-27 11:24:24"
,OFI_CHETUMAL_02,28:C5:D2:2B:6E:4D,187.155.227.60,offline,,,3.66,,,,,,"Microsoft Windows 11 Home Single Language",x64,16,455,,"C:\ProgramData\DistributionAgent\files","2026-05-27 11:15:08"
HOLIV,OLIVARES-PVSI,B0:7B:25:2C:5F:C9,189.173.76.185,online,HERMO,HERMOSILLO,3.66,"26.0.2_05.08 DBXW",27-05-2026,09:02:06,,,"Microsoft Windows 11 Pro",x64,8,930,,"D:\pvsi","2026-05-27 11:24:26"
ORQUI,ORQUIDEAS01,E4:54:E8:C6:11:EA,201.108.26.116,online,XALAP,XALAPA,3.66,"26.5.5 R957",08-05-2026,11:17:10,"26.5.5 R957",08-05-2026,"Microsoft Windows 10 Pro",x64,8,931,,"D:\PVSI","2026-05-27 11:24:47"
,OYUKI-PENLA,24:B2:B9:1B:9D:DD,187.152.141.91,offline,,,3.66,,,,,,"Microsoft Windows 11 Home Single Language",x64,8,475,,"C:\ProgramData\DistributionAgent\files","2026-05-27 09:37:04"
PALAC,PALACIO,10:13:EE:03:01:10,189.148.60.79,offline,TAPAC,TAPACHULA,3.60,"26.0.2_04.28 DBXW",13-05-2026,08:02:43,,,"Microsoft Windows 10 Home Single Language",x86,3,931,,"D:\PVSI","2026-05-14 15:50:07"
00096,PALMAS-PVSI,BC:EE:7B:71:A5:3D,201.108.92.23,online,BAJAC,BAJA,3.66,"26.0.2_05.08 DBXW",27-05-2026,07:51:01,"26.5 R150930",15-05-2026,"Microsoft Windows 10 Pro",x86,3,232,,"D:\PVSI","2026-05-27 11:24:47"
HPALO,PALOMA,AC:B4:80:37:72:C0,189.173.155.4,online,HERMO,HERMOSILLO,3.66,"26.0.2_05.08 DBXW",27-05-2026,08:45:17,,,"Microsoft Windows 11 Pro",x64,8,476,,"D:\PVSI","2026-05-27 11:24:53"
HPAVE,PALOVERDE,F4:F1:9E:19:F5:80,187.158.104.59,online,HERMO,HERMOSILLO,3.66,"26.0.2_05.08 DBXW",27-05-2026,07:57:28,,,"Microsoft Windows 11 Pro",x64,8,476,,"D:\PVSI","2026-05-27 11:24:58"
XPANI,PANIMAS,04:D9:F5:85:A2:7C,201.105.54.189,online,XALAP,XALAPA,3.66,"26.0.2_05.08 DBXW",27-05-2026,08:40:47,"26.5.5 R957",08-05-2026,"Microsoft Windows 10 Enterprise LTSC",x64,4,930,,"D:\PVSI","2026-05-27 11:24:29"
TPVSU,PARVIALSUR,24:2F:D0:18:7F:56,189.148.46.135,offline,TAPAC,TAPACHULA,3.60,"26.0.2_04.28 DBXW",14-05-2026,08:01:34,,,"Microsoft Windows 11 Pro",x64,4,930,,"D:\PVSI","2026-05-15 15:30:27"
GPATR,PATRIA,D8:5E:D3:76:2A:84,187.213.173.177,online,GUADA,GUDALAJARA,3.66,"26.0.2_05.08 DBXW",27-05-2026,09:40:40,,,"Microsoft Windows 10 Pro",x64,4,931,,"D:\PVSI","2026-05-27 11:24:35"
PENAS,PENASCAL01,F4:F1:9E:19:F6:AC,201.97.167.204,online,XALAP,XALAPA,3.66,"26.0.2_05.08 DBXW",27-05-2026,09:27:31,"26.5.5 R957",07-05-2026,"Microsoft Windows 10 Enterprise LTSC",x64,8,475,,"D:\PVSI","2026-05-27 11:24:25"
PENA2,PENASLCAL2,AC:B4:80:37:77:BC,201.108.24.57,online,XALAP,XALAPA,3.66,"26.0.2_05.08 DBXW",27-05-2026,08:03:23,"26.5.5 R957",08-05-2026,"Microsoft Windows 10 Enterprise LTSC",x64,8,456,,"D:\PVSI","2026-05-27 11:24:13"
,PENLA-ARTURO-VD,60:45:2E:E4:F7:C3,187.152.141.91,offline,,,3.66,,,,,,"Microsoft Windows 11 Home Single Language",x64,8,475,,"C:\ProgramData\DistributionAgent\files","2026-05-27 10:03:09"
,PERIFERICO2,D4:3D:7E:ED:75:C8,189.148.48.229,online,TAPAC,TAPACHULA,3.66,,,,,,"Microsoft Windows 10 Home Single Language",x64,4,930,,"D:\LIBPVSI","2026-05-27 11:24:21"
HPERI,PERISUR-PVSI,AC:B4:80:2E:B8:90,187.158.63.66,online,HERMO,HERMOSILLO,3.66,"26.0.2_05.08 DBXW",27-05-2026,10:05:56,,,"Microsoft Windows 11 Pro",x64,8,476,,"D:\PVSI","2026-05-27 11:24:37"
00104,PESCADERO_PVSI,E4:54:E8:D6:8C:8A,187.223.20.73,online,BAJAC,BAJA,3.66,"26.0.2_05.08 DBXW",27-05-2026,07:49:36,"26.5 R150930",15-05-2026,"Microsoft Windows 11 Pro",x64,12,915,,"D:\PVSI","2026-05-27 11:24:37"
LUCIO,POETA,AC:B4:80:30:05:41,201.105.23.79,online,XALAP,XALAPA,3.66,"26.0.2_05.08 DBXW",27-05-2026,07:32:17,,,"Microsoft Windows 10 Enterprise LTSC",x64,8,455,,"D:\PVSI","2026-05-27 11:24:07"
TPORV,PORVENIR,4C:49:6C:C8:98:0D,189.148.52.163,online,TAPAC,TAPACHULA,3.66,"26.0.2_05.08 DBXW",27-05-2026,09:36:41,,,"Microsoft Windows 11 Pro",x64,8,475,,"D:\PVSI","2026-05-27 11:24:34"
HPROG,PROGRESO-PC,D0:27:88:E2:E3:16,189.173.6.21,online,HERMO,HERMOSILLO,3.66,"26.0.2_05.08 DBXW",27-05-2026,08:11:36,,,"Microsoft Windows 7 Professional",x86,3,466,,"D:\PVSI","2026-05-27 11:23:33"
HPURE,PUERTAREAL,B0:7B:25:01:F8:18,189.173.99.155,online,HERMO,HERMOSILLO,3.66,"26.0.2_05.08 DBXW",27-05-2026,08:13:53,,,"Microsoft Windows 10 Pro",x64,8,911,,"D:\PVSI","2026-05-27 11:24:24"
TPUER,PUERTOMADERO,4C:CC:6A:45:A8:22,189.148.55.177,online,TAPAC,TAPACHULA,3.66,"26.0.2_05.08 DBXW",27-05-2026,11:05:56,,,"Microsoft Windows 10 Home Single Language",x64,4,930,,"D:\PVSI","2026-05-27 11:24:32"
PAKUM,PV-AKUMAL-C01,B0:4F:13:0F:6D:FE,189.174.98.28,online,PENLA,PENINSULA,3.66,"26.0.2_05.08 DBXW",27-05-2026,08:02:14,"26.5 R150930",15-05-2026,"Microsoft Windows 11 Pro",x64,8,910,,"D:\PVSI","2026-05-27 11:24:31"
CAROL,PVCAROLINO,F4:26:79:4D:C7:6D,187.192.126.66,online,XALAP,XALAPA,3.66,"26.0.2_05.08 DBXW",27-05-2026,09:57:17,"26.5.5 R957",07-05-2026,"Microsoft Windows 10 Pro",x64,8,910,,"D:\PVSI","2026-05-27 11:24:30"
XCOAC,PVCOACOATZINTLA,E4:54:E8:D8:1A:97,201.105.51.227,online,XALAP,XALAPA,3.66,"26.0.2_05.08 DBXW",27-05-2026,10:40:11,"26.5.5 R957",07-05-2026,"Microsoft Windows 10 Pro",x64,4,915,,"D:\PVSI","2026-05-27 11:23:57"
GNERU,PVSI,D0:27:88:E6:47:13,189.143.220.210,online,GUADA,GUDALAJARA,3.66,"26.0.2_05.08 DBXW",27-05-2026,11:10:10,,,"Microsoft Windows 10 Pro",x64,8,931,,"D:\PVSI","2026-05-27 11:24:15"
REBSA,PVSI,F4:F1:9E:19:FA:AB,187.251.140.72,online,XALAP,XALAPA,3.66,"26.0.2_05.08 DBXW",27-05-2026,11:02:29,"26.5 R150930",15-05-2026,"Microsoft Windows 10 Enterprise LTSC",x64,8,475,,"D:\PVSI","2026-05-27 11:24:14"
00053,PVSI,44:8A:5B:CE:4A:C5,187.223.130.157,online,BAJAC,BAJA,3.66,"26.0.2_05.08 DBXW",27-05-2026,10:13:36,"26.5 R150930",15-05-2026,"Microsoft Windows 10 Pro",x64,8,931,,"D:\PVSI","2026-05-27 11:24:35"
AVILA,PVSI,D8:43:AE:4F:D5:FD,201.105.114.135,online,XALAP,XALAPA,3.66,"26.5.5 R957",08-05-2026,11:10:59,"26.5.5 R957",08-05-2026,"Microsoft Windows 10 Enterprise LTSC",x64,8,476,,"D:\pvsi","2026-05-27 11:24:02"
00023,PVSI,74:D4:35:4D:F7:D2,187.223.178.213,online,BAJAC,BAJA,3.66,"26.0.2_05.08 DBXW",27-05-2026,10:01:07,"26.5 R150930",15-05-2026,"Microsoft Windows 10 Home Single Language",x64,12,931,,"D:\PVSI","2026-05-27 11:24:36"
00021,PVSI,B0:4F:13:0F:08:06,189.141.143.145,online,BAJAC,BAJA,3.66,"26.0.2_05.08 DBXW",27-05-2026,08:08:01,"26.5 R150930",15-05-2026,"Microsoft Windows 10 Pro",x64,8,931,,"D:\PVSI","2026-05-27 11:24:23"
00036,PVSI,B0:7B:25:2C:61:A0,187.223.31.219,online,BAJAC,BAJA,3.66,"26.0.2_05.08 DBXW",27-05-2026,08:04:02,"26.5 R150930",15-05-2026,"Microsoft Windows 11 Pro",x64,8,930,,"D:\pvsi","2026-05-27 11:24:38"
00031,PVSI,B0:4F:13:0E:27:62,187.223.193.165,online,BAJAC,BAJA,3.66,"26.0.2_05.08 DBXW",27-05-2026,09:11:29,"26.5 R150930",15-05-2026,"Microsoft Windows 10 Pro",x64,8,910,,"D:\pvsi","2026-05-27 11:24:48"
JILOT,PVSI,A4:BB:6D:E3:1A:D8,201.105.48.82,online,XALAP,XALAPA,3.66,"26.0.2_05.08 DBXW",27-05-2026,09:58:19,"26.5.5 R957",06-05-2026,"Microsoft Windows 11 Pro",x64,8,911,,"D:\PVSI","2026-05-27 11:24:46"
00039,PVSI,74:D4:35:44:5F:C6,187.223.13.53,online,BAJAC,BAJA,3.66,"26.0.2_05.08 DBXW",27-05-2026,08:05:39,"26.5 R150930",15-05-2026,"Microsoft Windows 10 Pro",x64,6,476,,"D:\PVSI","2026-05-27 11:24:11"
ROTON,PVSI,1C:1B:0D:0A:81:A8,201.105.54.185,online,XALAP,XALAPA,3.66,"26.0.2_05.08 DBXW",27-05-2026,10:49:07,"26.5.5 R957",07-05-2026,"Microsoft Windows 10 Enterprise LTSC",x64,8,465,,"D:\PVSI","2026-05-27 11:24:06"
CALVO,PVSI,E8:65:38:C7:01:AB,189.145.101.69,online,CHETU,CHETUMAL,3.66,"26.0.2_05.08 DBXW",27-05-2026,09:44:18,"26.5 R150930",15-05-2026,"Microsoft Windows 11 Pro",x64,8,474,,"D:\PVSI","2026-05-27 11:24:41"
ARAUC,PVSI,D0:8E:79:05:B8:B4,201.97.165.185,online,XALAP,XALAPA,3.66,"26.5.5 R957",07-05-2026,11:12:18,"26.5.5 R957",07-05-2026,"Microsoft Windows 10 Enterprise LTSC",x64,8,931,,"D:\PVSI","2026-05-27 11:24:10"
00054,PVSI-20DENOV,4C:CC:6A:45:A7:9F,187.223.185.85,online,BAJAC,BAJA,3.66,"26.0.2_05.08 DBXW",27-05-2026,09:43:18,"26.5 R150930",15-05-2026,"Microsoft Windows 10 Pro",x64,8,931,,"D:\pvsi","2026-05-27 11:24:14"
00090,PVSI-4DEMARZO,B0:7B:25:0D:7E:16,187.199.226.151,online,BAJAC,BAJA,3.66,"26.0.2_05.08 DBXW",27-05-2026,08:04:05,"26.5 R150930",15-05-2026,"Microsoft Windows 11 Pro",x64,8,912,,"D:\PVSI","2026-05-27 11:24:14"
00038,PVSI-BARRILES,A8:3C:A5:2E:54:07,201.108.94.42,online,BAJAC,BAJA,3.66,"26.0.2_05.08 DBXW",27-05-2026,08:34:41,"26.5 R150930",15-05-2026,"Microsoft Windows 11 Pro",x64,8,474,,"D:\PVSI","2026-05-27 11:24:33"
00048,PVSI-BOULEVARD,00:25:90:62:34:3C,187.223.197.205,online,BAJAC,BAJA,3.66,"26.0.2_05.08 DBXW",27-05-2026,08:14:54,"26.5 R150930",15-05-2026,"Microsoft Windows 10 Pro",x64,7,930,,"D:\PVSI","2026-05-27 11:24:02"
00056,PVSI-CAJA01,B0:4F:13:15:8D:BD,187.223.25.39,online,BAJAC,BAJA,3.66,"26.0.2_05.08 DBXW",27-05-2026,09:16:25,"26.5 R150930",15-05-2026,"Microsoft Windows 10 Pro",x64,8,913,,"D:\PVSI","2026-05-27 11:24:31"
00094,PVSI-CARRANZA,1C:1B:0D:0B:58:22,187.223.176.150,online,BAJAC,BAJA,3.66,"26.0.2_05.08 DBXW",27-05-2026,10:20:20,"26.5 R150930",15-05-2026,"Microsoft Windows 10 Pro",x64,8,930,,"D:\PVSI","2026-05-27 11:24:01"
00091,PVSI-COLIMA,7C:57:58:3E:7A:11,187.223.56.66,online,BAJAC,BAJA,3.66,"26.0.2_05.08 DBXW",27-05-2026,09:55:24,"26.5 R150930",15-05-2026,"Microsoft Windows 11 Pro",x64,8,930,,"D:\PVSI","2026-05-27 11:24:57"
00097,PVSI-CORREDOR,AC:B4:80:2E:B8:4B,187.199.186.14,online,BAJAC,BAJA,3.66,"26.5 R150930",15-05-2026,10:24:19,"26.5 R150930",15-05-2026,"Microsoft Windows 11 Pro",x64,8,1386,,"D:\PVSI","2026-05-27 11:24:21"
PCOZA,PVSI-COZUMEL1,B0:4F:13:0F:63:E0,201.152.49.203,online,PENLA,PENINSULA,3.66,"26.5 R261836",26-05-2026,12:11:12,"26.5 R261836",26-05-2026,"Microsoft Windows 11 Pro",x64,8,910,,"D:\PVSI","2026-05-27 11:24:04"
00043,PVSI-GNEGRO,D0:27:88:82:CD:C4,187.223.132.232,online,BAJAC,BAJA,3.66,"26.0.2_05.08 DBXW",27-05-2026,07:58:24,"26.5 R150930",15-05-2026,"Microsoft Windows 10 Pro",x64,5,930,,"E:\PVSI","2026-05-27 11:24:09"
00111,PVSI-GUILLERMO-,7C:57:58:3E:79:11,187.223.64.43,online,BAJAC,BAJA,3.66,"26.0.2_04.28 DBXW",16-05-2026,08:04:00,"26.5 R150930",15-05-2026,"Microsoft Windows 11 Pro",x64,8,930,,"D:\PVSI","2026-05-27 11:24:05"
00083,PVSI-JUVENTUD,AC:B4:80:37:80:9C,189.143.20.245,online,BAJAC,BAJA,3.66,"26.0.2_04.28 DBXW",04-05-2026,09:52:03,"26.5 R150930",15-05-2026,"Microsoft Windows 11 Pro",x64,8,752,,"D:\pvsi","2026-05-27 11:24:31"
B0034,PVSI-MORELOS,20:53:8D:03:67:21,187.199.255.28,online,BAJAC,BAJA,3.66,"26.0.2_05.08 DBXW",27-05-2026,08:38:16,"26.5 R150930",15-05-2026,"Microsoft Windows 11 Pro",x64,8,1405,,"D:\PVSI","2026-05-27 11:24:00"
00044,PVSI-MULEGE,74:D4:35:B0:C2:22,187.223.6.120,online,BAJAC,BAJA,3.66,"26.0.2_05.08 DBXW",27-05-2026,18:20:37,"26.5 R150930",15-05-2026,"Microsoft Windows 10 Pro",x64,4,930,,"D:\PVSI","2026-05-27 11:24:30"
00061,PVSI-PC,B0:7B:25:0A:AC:A2,187.223.139.169,online,BAJAC,BAJA,3.66,"26.0.2_05.08 DBXW",27-05-2026,08:37:13,"26.5 R150930",15-05-2026,"Microsoft Windows 10 Pro",x64,8,912,,"D:\PVSI","2026-05-27 11:24:42"
00088,PVSI-PINOPALLAS,AC:B4:80:2C:99:D6,189.143.6.12,online,BAJAC,BAJA,3.66,"26.0.2_05.08 DBXW",27-05-2026,09:14:08,"26.5 R150930",15-05-2026,"Microsoft Windows 11 Pro",x64,8,920,,"D:\PVSI","2026-05-27 11:24:42"
00106,PVSI-PVSI,E4:54:E8:D0:E1:35,187.223.196.254,online,BAJAC,BAJA,3.66,"26.0.2_05.08 DBXW",27-05-2026,08:21:55,"26.5 R150930",15-05-2026,"Microsoft Windows 10 Home Single Language",x64,8,916,,"D:\PVSI","2026-05-27 11:24:17"
00065,PVSI-REFORMA,AC:B4:80:37:74:6D,187.199.149.20,online,BAJAC,BAJA,3.66,"26.5 R150930",15-05-2026,10:22:09,"26.5 R150930",15-05-2026,"Microsoft Windows 11 Pro",x64,8,1385,,"D:\PVSI","2026-05-27 11:24:55"
00035,PVSI-SANTAROSA,BC:F4:D4:9A:ED:DF,187.223.202.247,online,BAJAC,BAJA,3.66,"26.0.2_05.08 DBXW",27-05-2026,08:11:23,"26.5 R150930",15-05-2026,"Microsoft Windows 11 Pro",x64,8,455,,"D:\PVSI","2026-05-27 11:24:20"
PUHMA,PVSI-UHMAY,B0:4F:13:0F:66:D7,189.202.251.178,online,PENLA,PENINSULA,3.66,"26.0.2_05.08 DBXW",27-05-2026,09:16:15,"26.5 R150930",15-05-2026,"Microsoft Windows 11 Pro",x64,8,930,,"D:\PVSI","2026-05-27 11:24:39"
00049,PVSI-UNIVERSIDA,D0:27:88:D0:2E:0B,187.223.185.253,online,BAJAC,BAJA,3.66,"26.0.2_05.08 DBXW",27-05-2026,08:02:37,"26.5 R150930",15-05-2026,"Microsoft Windows 10 Pro",x64,8,930,,"D:\pvsi","2026-05-27 11:24:03"
NRADI,RADIAL,5C:93:A2:F8:2C:C4,186.1.35.54,online,NICAR,NICARAGUA,3.66,"26.0.2_05.08 DBXW",27-05-2026,16:33:35,,,"Microsoft Windows 8.1 Pro",x64,7,464,,"E:\PVSI","2026-05-27 11:24:45"
COT1G,RECEPCION,94:DE:80:1D:DA:A5,187.224.108.113,online,CHETU,CHETUMAL,3.66,"26.0.2_05.08 DBXW",25-05-2026,11:26:54,,,"Microsoft Windows 10 Home",x64,12,1155,,"D:\GAGER","2026-05-27 11:24:27"
HREFO,REFORMA-PVSI,A8:3C:A5:2E:41:09,189.173.9.152,online,HERMO,HERMOSILLO,3.66,"26.0.2_05.08 DBXW",27-05-2026,07:50:50,,,"Microsoft Windows 11 Pro",x64,8,475,,"D:\pvsi","2026-05-27 11:24:49"
REVOL,REVOLUCION,74:D4:35:48:40:36,201.111.172.166,online,XALAP,XALAPA,3.66,"26.5.5 R957",08-05-2026,11:21:53,"26.5.5 R957",08-05-2026,"Microsoft Windows 10 Enterprise LTSC",x64,8,931,,"D:\PVSI","2026-05-27 11:24:03"
GRIBI,RIVIERA-PVSI,D8:43:AE:76:14:BF,189.181.26.204,online,GUATE,GUATEMALA,3.66,"26.0.2_05.08 DBXW",27-05-2026,08:38:05,,,"Microsoft Windows 11 Pro",x64,8,930,,"D:\PVSI","2026-05-27 11:24:08"
PRIVI,RIVIERA-PVSI,B0:4F:13:0F:59:73,189.176.109.39,offline,PENLA,PENINSULA,3.66,"26.5 R150930",15-05-2026,12:10:41,"26.5 R150930",15-05-2026,"Microsoft Windows 11 Pro",x64,8,910,,"D:\PVSI","2026-05-26 11:22:58"
,RIVIERAAUX,B0:4F:13:0F:59:27,189.176.103.102,online,,,3.66,,,,,,"Microsoft Windows 11 Pro",x64,8,910,,"C:\ProgramData\DistributionAgent\files","2026-05-27 11:24:41"
CROJO,ROJOGOMEZ,A8:3C:A5:2B:40:07,187.150.210.43,online,CHETU,CHETUMAL,3.66,"26.0.2_05.08 DBXW",27-05-2026,07:31:58,"26.5 R150930",15-05-2026,"Microsoft Windows 11 Pro",x64,8,474,,"D:\PVSI","2026-05-27 11:24:22"
XB2BA,RRANGEL,70:08:94:8B:DE:6D,187.225.42.17,online,XALAP,XALAPA,3.66,"26.0.2_05.08 DBXW",27-05-2026,10:30:35,,,"Microsoft Windows 11 Home Single Language",x64,8,475,,"C:\PVSI","2026-05-27 11:24:01"
RUIZC,RUIZ1,18:C0:4D:BC:39:23,201.105.53.140,online,XALAP,XALAPA,3.66,"26.0.2_05.08 DBXW",27-05-2026,09:05:32,"26.5.5 R957",08-05-2026,"Microsoft Windows 10 Enterprise LTSC",x64,8,931,,"D:\PVSI","2026-05-27 11:24:38"
HMABE,SAN-BENITO,D0:27:88:E2:E0:DD,189.173.205.177,online,HERMO,HERMOSILLO,3.66,"26.0.2_05.08 DBXW",27-05-2026,07:28:37,,,"Microsoft Windows 7 Professional",x86,3,466,,"D:\PVSI","2026-05-27 11:24:10"
BRUNO,SANBRUNO02,B0:4F:13:16:BA:AE,201.105.91.99,online,XALAP,XALAPA,3.66,"26.5.5 R957",07-05-2026,11:14:09,"26.5.5 R957",07-05-2026,"Microsoft Windows 10 Enterprise LTSC",x64,8,913,,"D:\PVSI","2026-05-27 11:24:42"
XJOSE,SANJOSE,BC:EE:7B:71:A8:CF,201.105.97.139,online,XALAP,XALAPA,3.66,"26.0.2_05.08 DBXW",27-05-2026,11:06:07,"26.5.5 R957",07-05-2026,"Microsoft Windows 11 Enterprise LTSC",x64,8,931,,"D:\PVSI","2026-05-27 11:24:47"
SJUAN,SANJUAN,D0:37:45:5E:99:96,189.148.52.5,online,TAPAC,TAPACHULA,3.66,"26.0.2_05.08 DBXW",27-05-2026,11:12:16,,,"Microsoft Windows 7 Professional",x86,3,466,,"D:\PVSI","2026-05-27 11:24:27"
00024,SANLUCAS-PVSI,A8:3C:A5:2B:B8:39,187.199.239.34,online,BAJAC,BAJA,3.66,"26.5 R150930",15-05-2026,10:23:10,"26.5 R150930",15-05-2026,"Microsoft Windows 11 Pro",x64,16,971,,"D:\pvsi","2026-05-27 11:24:22"
XSACE,SANTACECILIA,E4:54:E8:E4:1C:F4,201.108.29.197,online,XALAP,XALAPA,3.66,"26.0.2_05.08 DBXW",27-05-2026,08:01:50,"26.5 R150930",15-05-2026,"Microsoft Windows 10 Pro",x64,4,916,,"D:\PVSI","2026-05-27 11:24:33"
TSEGU,SEGURO-SOCIAL,4C:23:38:6E:6B:67,189.150.152.205,online,TAPAC,TAPACHULA,3.66,"26.0.2_05.08 DBXW",27-05-2026,08:06:19,,,"Microsoft Windows 11 Pro",x64,8,456,,"D:\PVSI","2026-05-27 11:24:13"
XPUEN,SERVIDOR,E0:73:E7:10:3F:03,201.105.36.127,online,XALAP,XALAPA,3.66,"26.5.5 R957",07-05-2026,11:09:08,"26.5.5 R957",07-05-2026,"Microsoft Windows 11 Pro",x64,8,930,,"D:\PVSI","2026-05-27 11:24:09"
ALMAC,SERVIDOR,B0:7B:25:14:BA:56,201.111.185.44,online,XALAP,XALAPA,3.66,"26.0.2_05.08 DBXW",27-05-2026,09:22:51,,,"Microsoft Windows 10 Pro",x64,8,911,,"D:\ALMACEN","2026-05-27 11:24:55"
,SERVIDOR,A8:3C:A5:29:15:E5,187.150.127.214,online,,,3.66,,,,,,"Microsoft Windows 11 Pro",x64,8,474,,"D:\NO USAR","2026-05-27 11:24:21"
PAVEN,SERVIDOR,AC:B4:80:2E:E1:A1,38.211.58.5,online,PENLA,PENINSULA,3.66,"26.0.2_05.08 DBXW",27-05-2026,07:56:15,"26.5 R150930",15-05-2026,"Microsoft Windows 11 Pro",x64,8,455,,"D:\PVSI","2026-05-27 11:24:28"
PEPUB,SERVIDOR,B0:4F:13:10:2B:F0,187.252.192.29,online,PENLA,PENINSULA,3.66,"26.0.2_05.08 DBXW",19-05-2026,08:37:32,,,"Microsoft Windows 10 Pro",x64,8,910,,"D:\PEPUB","2026-05-27 11:24:39"
,SERVIDOR,E8:65:38:CE:8A:F9,187.150.42.4,offline,,,2.76.0,,,,,,"Microsoft Windows 11 Pro",x64,8,474,,"C:\ProgramData\DistributionAgent\files","2026-04-23 18:01:29"
00085,SERVIDOR,B0:4F:13:15:95:78,187.223.9.150,online,BAJAC,BAJA,3.66,"26.0.2_05.08 DBXW",27-05-2026,08:04:00,"26.5 R150930",15-05-2026,"Microsoft Windows 10 Pro",x64,8,913,,"D:\PVSI","2026-05-27 11:24:49"
HSOLI,SOLIDARIDAD,04:7C:16:E8:4C:E2,189.173.133.22,online,HERMO,HERMOSILLO,3.66,"26.0.2_05.08 DBXW",27-05-2026,08:03:21,,,"Microsoft Windows 11 Pro",x64,8,476,,"D:\pvsi","2026-05-27 11:24:52"
SOLID,SOLIDARIDAD,50:EB:F6:27:30:6D,189.148.53.15,online,TAPAC,TAPACHULA,3.66,"26.0.2_05.08 DBXW",27-05-2026,08:00:41,,,"Microsoft Windows 11 Pro",x64,8,930,,"D:\PVSI","2026-05-27 11:24:33"
GSALI,STAALICIA,18:C0:4D:B1:A1:B2,177.249.174.146,online,GUADA,GUDALAJARA,3.66,"26.0.2_05.08 DBXW",27-05-2026,09:45:37,,,"Microsoft Windows 10 Pro",x64,4,931,,"D:\PVSI","2026-05-27 11:24:41"
00070,SUC-AUTOSJD,BC:EE:7B:71:A5:F5,187.199.76.51,online,BAJAC,BAJA,3.66,"26.0.2_05.08 DBXW",27-05-2026,17:59:10,"26.5 R150930",15-05-2026,"Microsoft Windows 10 Home Single Language",x64,8,447,,"D:\PVSI","2026-05-27 11:24:32"
00050,SUC-LACOMER,CC:96:E5:16:9F:78,187.199.86.212,online,BAJAC,BAJA,3.66,"26.0.2_05.08 DBXW",27-05-2026,18:01:11,"26.5 R150930",15-05-2026,"Microsoft Windows 11 Pro",x64,8,455,,"D:\PVSI","2026-05-27 11:24:33"
GAJIJ,SUCAJIJICSERV,04:7C:16:C9:AB:2D,189.181.46.124,online,GUADA,CHAPALA,3.66,"26.0.2_05.08 DBXW",27-05-2026,10:48:34,,,"Microsoft Windows 11 Pro",x64,7,930,,"D:\PVSI","2026-05-27 11:24:06"
GALAB,SUCALAMO2SERV,B0:4F:13:0F:07:DB,189.203.6.45,online,GUADA,GUDALAJARA,3.66,"26.0.2_05.08 DBXW",27-05-2026,11:23:17,,,"Microsoft Windows 10 Pro",x64,8,910,,"D:\PVSI","2026-05-27 11:24:23"
GARCO,SUCARCOSSERV,38:60:77:50:B6:CF,189.143.145.135,online,GUADA,GUDALAJARA,3.66,"26.0.2_05.08 DBXW",27-05-2026,08:42:10,,,"Microsoft Windows 10 Pro",x64,4,931,,"D:\PVSI","2026-05-27 11:24:12"
GAVIA,SUCAVIACIONSERV,94:DE:80:17:6D:A5,189.181.197.238,online,GUADA,GUDALAJARA,3.66,"26.0.2_05.08 DBXW",27-05-2026,18:03:21,,,"Microsoft Windows 10 Pro",x64,6,931,,"D:\PVSI","2026-05-27 11:24:14"
GCHPL,SUCCHAPALASERV,04:7C:16:E8:42:76,187.139.99.3,online,GUADA,CHAPALA,3.66,"26.0.2_05.08 DBXW",27-05-2026,08:40:53,,,"Microsoft Windows 11 Pro",x64,8,930,,"D:\PVSI","2026-05-27 11:24:01"
GCHAP,SUCCHAPALITASER,B4:2E:99:F3:9B:39,187.224.60.227,online,GUADA,GUDALAJARA,3.66,"26.0.2_05.08 DBXW",27-05-2026,10:13:32,,,"Microsoft Windows 10 Home",x64,4,931,,"D:\PVSI","2026-05-27 11:24:34"
,SUCCOLEGIOAUX,94:DE:80:16:BA:17,189.163.15.25,online,,,3.66,,,,,,"Microsoft Windows 10 Pro",x64,4,465,,"C:\ProgramData\DistributionAgent\files","2026-05-27 11:24:00"
GCOLE,SUCCOLEGIOSERV,B0:4F:13:0F:05:5E,189.163.15.25,online,GUADA,GUDALAJARA,3.66,"26.0.2_05.08 DBXW",27-05-2026,09:08:59,,,"Microsoft Windows 11 Pro",x64,8,910,,"D:\PVSI","2026-05-27 11:24:28"
GCORD,SUCCORDILLERASS,74:D4:35:48:3F:8E,187.220.109.251,online,GUADA,GUDALAJARA,3.66,"26.0.2_05.08 DBXW",27-05-2026,09:18:00,,,"Microsoft Windows 10 Pro",x64,6,930,,"D:\PVSI","2026-05-27 11:24:47"
GCOSA,SUCCOSALASERV,08:BF:B8:8C:1E:40,189.181.247.175,online,GUADA,,3.66,"26.0.2_05.08 DBXW",27-05-2026,08:52:02,,,"Microsoft Windows 10 Pro",x64,8,931,,"D:\PVSI","2026-05-27 11:24:14"
GCRUZ,SUCCRUZSERV,1C:1B:0D:0B:7D:84,189.143.214.44,online,GUADA,GUDALAJARA,3.66,"26.0.2_05.08 DBXW",27-05-2026,10:18:38,,,"Microsoft Windows 10 Home Single Language",x64,4,931,,"D:\pvsi","2026-05-27 11:24:50"
GCURI,SUCCURIELSERV,D8:BB:C1:DD:6E:A8,189.143.190.69,online,GUADA,GUDALAJARA,3.66,"26.0.2_05.08 DBXW",27-05-2026,09:08:42,,,"Microsoft Windows 10 Pro",x64,8,931,,"D:\PVSI","2026-05-27 11:24:43"
00069,SUCDOBLADO,CC:96:E5:16:9F:3F,187.199.75.56,online,BAJAC,BAJA,3.66,"26.0.2_05.08 DBXW",26-05-2026,07:37:16,"26.5 R150930",15-05-2026,"Microsoft Windows 11 Pro",x64,8,455,,"D:\PVSI","2026-05-27 11:23:59"
HFERA,SUCFER,D0:27:88:E1:D2:9C,189.173.72.62,online,HERMO,HERMOSILLO,3.66,"26.0.2_05.08 DBXW",27-05-2026,09:13:30,,,"Microsoft Windows 7 Professional",x86,3,441,,"D:\pvsi","2026-05-27 11:24:48"
HIGUE,SUCHIGUERAS,3C:0A:F3:4A:A6:41,201.105.105.17,online,XALAP,XALAPA,3.66,"26.0.2_05.08 DBXW",27-05-2026,10:37:29,"26.5.5 R957",08-05-2026,"Microsoft Windows 10 Enterprise LTSC",x64,8,474,,"D:\PVSI","2026-05-27 11:24:45"
HLIBE,SUCLIBERTAD-PC,74:D4:35:44:9C:B3,187.158.82.166,online,HERMO,HERMOSILLO,3.66,"26.0.2_05.08 DBXW",27-05-2026,08:23:21,,,"Microsoft Windows 7 Professional",x86,3,466,,"D:\PVSI","2026-05-27 11:24:52"
GVIRR,SUCNACIONESSERV,1C:1B:0D:0A:89:9C,189.163.68.79,online,GUADA,GUDALAJARA,3.66,"26.0.2_04.28 DBXW",06-05-2026,17:58:27,,,"Microsoft Windows 10 Home Single Language",x64,4,1154,,"D:\pvsi","2026-05-27 11:24:30"
GPOLA,SUCPOLANCO,74:27:EA:DB:BB:F8,187.228.48.114,online,GUADA,GUDALAJARA,3.66,"26.0.2_04.28 DBXW",08-05-2026,08:59:31,,,"Microsoft Windows 10 Home Single Language",x64,8,1378,,"D:\PVSI","2026-05-27 11:24:11"
GPROV,SUCPROVIDENCIAS,D8:CB:8A:1D:35:E6,187.201.217.47,online,GUADA,GUDALAJARA,3.66,"26.0.2_05.08 DBXW",27-05-2026,06:57:58,,,"Microsoft Windows 10 Pro",x64,4,931,,"D:\PVSI","2026-05-27 11:24:13"
GSOLA,SUCSOLARESSERV,E0:D5:5E:DD:C7:6A,187.220.110.152,online,GUADA,,3.66,"26.0.2_05.08 DBXW",27-05-2026,08:16:02,,,"Microsoft Windows 10 Pro",x64,4,465,,"D:\PVSI","2026-05-27 11:24:45"
GTEPE,SUCTEPEYACSERV,94:DE:80:17:60:34,189.163.49.111,online,GUADA,GUDALAJARA,3.66,"26.0.2_05.08 DBXW",27-05-2026,11:07:16,,,"Microsoft Windows 10 Pro",x64,8,931,,"D:\PVSI","2026-05-27 11:24:27"
TOTUT,SUCTOTUTLA,E4:54:E8:E4:1F:98,189.161.150.92,online,XALAP,XALAPA,3.66,"26.0.2_05.08 DBXW",27-05-2026,08:08:07,"26.5.5 R957",07-05-2026,"Microsoft Windows NT 6.2.9200.0",x64,,916,,"D:\pvsi","2026-05-27 11:24:11"
00101,SUCURSAL-ESTERI,E4:54:E8:E4:0E:1A,187.223.16.63,online,BAJAC,BAJA,3.66,"26.0.2_05.08 DBXW",27-05-2026,10:13:38,"26.5 R150930",15-05-2026,"Microsoft Windows 11 Home Single Language",x64,8,916,,"D:\PVSI","2026-05-27 11:23:54"
PMORE,SUCURSALMORELOS,74:97:79:17:F9:8F,187.147.239.175,online,PENLA,PENINSULA,3.66,"26.0.2_05.08 DBXW",27-05-2026,07:57:16,"26.5 R150930",15-05-2026,"Microsoft Windows 11 Pro",x64,8,930,,"D:\PVSI","2026-05-27 11:24:23"
HYAQU,SUCYAQUI,D0:27:88:E1:D3:3E,189.173.81.15,online,HERMO,HERMOSILLO,3.66,"26.0.2_05.08 DBXW",27-05-2026,08:33:16,,,"Microsoft Windows 7 Professional",x86,3,441,,"D:\pvsi","2026-05-27 11:24:57"
XSUMI,SUMIDERO,94:DE:80:EE:22:54,201.97.175.215,online,XALAP,XALAPA,3.66,"26.0.2_05.08 DBXW",27-05-2026,08:00:01,"26.5.5 R957",08-05-2026,"Microsoft Windows 10 Enterprise LTSC",x64,8,931,,"D:\PVSI","2026-05-27 11:24:04"
,SUPERVISION,10:68:38:2C:9D:33,187.201.47.22,online,,,3.66,,,,,,"Microsoft Windows 11 Home Single Language",x64,8,237,,"C:\ProgramData\DistributionAgent\files","2026-05-27 11:23:50"
T0001,T01-PV-01,FC:AA:14:84:C4:6C,187.192.142.28,online,VALLA,"VALLARTA GENERAL",3.66,"26.0.2_05.08 DBXW",27-05-2026,11:19:47,,,"Microsoft Windows 10 Pro",x64,6,447,,"D:\PVSI","2026-05-27 11:24:12"
T0002,T02-PV-01,1C:69:7A:1C:DE:2D,189.167.87.62,online,VALLA,"VALLARTA GENERAL",3.66,"26.0.2_05.08 DBXW",27-05-2026,10:27:21,,,"Microsoft Windows 10 Pro",x64,6,912,,"D:\pvsi","2026-05-27 11:24:58"
T0003,T03-PV-01,C8:7F:54:66:CC:CA,189.177.54.41,online,VALLA,"VALLARTA GENERAL",3.66,"26.0.2_05.08 DBXW",27-05-2026,08:38:53,,,"Microsoft Windows 11 Pro",x64,8,446,,"D:\PVSI","2026-05-27 11:24:20"
T0004,T04-PV-01,10:7C:61:B5:6C:36,187.144.72.61,online,VALLA,"VALLARTA GENERAL",3.66,"26.0.2_05.08 DBXW",27-05-2026,19:01:13,,,"Microsoft Windows 11 Pro",x64,8,911,,"D:\PVSI","2026-05-27 11:24:49"
T0005,T05-PV-01,1C:1B:0D:0B:58:19,187.144.67.191,online,VALLA,"VALLARTA GENERAL",3.66,"26.0.2_05.08 DBXW",27-05-2026,09:20:28,,,"Microsoft Windows 10 Home Single Language",x64,8,464,,"D:\pvsi","2026-05-27 11:24:53"
T0006,T06-PV-01,E8:9C:25:46:28:32,187.144.67.237,online,VALLA,"VALLARTA GENERAL",3.66,"26.0.2_05.08 DBXW",27-05-2026,10:40:49,,,"Microsoft Windows 11 Pro",x64,16,446,,"D:\PVSI","2026-05-27 11:24:41"
T0007,T07-PV-01,A8:A1:59:DE:A8:DE,189.178.165.208,online,VALLA,"VALLARTA GENERAL",3.66,"26.0.2_05.08 DBXW",27-05-2026,09:21:17,,,"Microsoft Windows 11 Pro",x64,16,668,,"D:\PVSI","2026-05-27 11:24:10"
T0008,T08-PV-01,F4:4D:30:D0:49:17,189.163.221.216,online,VALLA,"VALLARTA GENERAL",3.66,"26.0.2_05.08 DBXW",27-05-2026,09:58:09,,,"Microsoft Windows 10 Pro",x64,7,931,,"D:\PVSI","2026-05-27 11:24:27"
T0009,T09-PV-01,40:8D:5C:9E:70:88,187.192.236.70,offline,VALLA,"VALLARTA GENERAL",3.60,"26.0.2_04.28 DBXW",08-05-2026,09:15:29,,,"Microsoft Windows 10 Pro",x64,8,297,,"D:\PVSI","2026-05-18 13:36:16"
T0010,T10-PV-01,18:C0:4D:C6:29:8C,189.178.169.100,online,VALLA,"VALLARTA GENERAL",3.66,"26.0.2_05.08 DBXW",27-05-2026,09:43:30,,,"Microsoft Windows 10 Pro",x64,8,911,,"D:\PVSI","2026-05-27 11:24:55"
T0011,T11-PV-01,E0:D5:5E:A9:7B:B9,187.144.86.146,online,VALLA,"VALLARTA GENERAL",3.66,"26.0.2_04.28 DBXW",08-05-2026,09:36:38,,,"Microsoft Windows 10 Pro",x64,8,446,,"D:\pvsi","2026-05-27 11:24:15"
T0012,T12-PV-01,A8:A1:59:BE:3B:4A,189.137.97.130,online,VALLA,"VALLARTA GENERAL",3.66,"26.0.2_05.08 DBXW",27-05-2026,08:32:08,,,"Microsoft Windows 11 Pro",x64,8,446,,"D:\PVSI","2026-05-27 11:24:55"
T0013,T13-PV-01,A8:A1:59:DE:A4:3D,187.144.34.147,online,VALLA,"VALLARTA GENERAL",3.66,"26.0.2_05.08 DBXW",27-05-2026,08:46:45,,,"Microsoft Windows 11 Pro",x64,8,446,,"D:\PVSI","2026-05-27 11:24:58"
T0014,T14-PV-01,B4:2E:99:4D:82:05,187.192.194.241,online,MANZA,MANZANILLO,3.66,"26.0.2_05.08 DBXW",27-05-2026,11:16:30,,,"Microsoft Windows 11 Home",x64,6,222,,"D:\PVSI","2026-05-27 11:24:06"
T0015,T15-PV-01,FC:AA:14:0A:6D:D2,189.177.143.93,online,VALLA,"VALLARTA GENERAL",3.66,"26.0.2_05.08 DBXW",27-05-2026,09:23:29,,,"Microsoft Windows 10 Pro",x64,4,447,,"D:\PVSI","2026-05-27 11:24:21"
T0016,T16-PV-01,F4:B5:20:71:AB:2F,187.144.42.51,online,VALLA,"VALLARTA GENERAL",3.66,"26.0.2_05.08 DBXW",27-05-2026,08:37:11,,,"Microsoft Windows 11 Pro",x64,8,893,,"D:\PVSI","2026-05-27 11:23:59"
T0018,T18-PV-01,E8:9C:25:46:2B:48,189.177.4.143,online,VALLA,"VALLARTA GENERAL",3.66,"26.0.2_04.28 DBXW",08-05-2026,08:32:45,,,"Microsoft Windows 10 Pro",x64,8,446,,"D:\PVSI","2026-05-27 11:24:11"
T0019,T19-PV-01,88:AE:DD:27:E5:D1,189.178.133.46,online,VALLA,"VALLARTA GENERAL",3.66,"26.0.2_05.08 DBXW",27-05-2026,09:07:33,,,"Microsoft Windows 11 Pro",x64,8,446,,"D:\PVSI","2026-05-27 11:24:29"
T0020,T20-PV-01,CC:28:AA:A3:3D:6F,189.177.18.30,online,VALLA,"VALLARTA GENERAL",3.66,"26.0.2_05.08 DBXW",27-05-2026,09:10:16,,,"Microsoft Windows 11 Pro",x64,8,446,,"D:\PVSI","2026-05-27 11:24:17"
T0021,T21-PV-01,08:BF:B8:A3:5C:74,189.177.138.152,online,VALLA,"VALLARTA GENERAL",3.66,"26.0.2_05.08 DBXW",27-05-2026,11:01:46,,,"Microsoft Windows 11 Pro",x64,14,446,,"D:\pvsi","2026-05-27 11:24:34"
T0023,T23-PV-01,74:56:3C:C9:A4:00,187.144.35.181,online,VALLA,"VALLARTA GENERAL",3.66,"26.0.2_05.08 DBXW",27-05-2026,09:57:52,,,"Microsoft Windows 11 Pro",x64,8,446,,"D:\PVSI","2026-05-27 11:24:19"
T0024,T24-PV-01,B4:2E:99:8D:A9:04,189.177.144.171,online,VALLA,"VALLARTA GENERAL",3.66,"26.0.2_05.08 DBXW",27-05-2026,09:23:31,,,"Microsoft Windows 10 Home Single Language",x64,14,447,,"D:\pvsi","2026-05-27 11:24:44"
T0025,T25-PV-01,CC:28:AA:A3:31:E6,189.177.53.11,online,VALLA,"VALLARTA GENERAL",3.66,"26.0.2_05.08 DBXW",27-05-2026,08:36:44,,,"Microsoft Windows 11 Pro",x64,16,446,,"D:\PVSI","2026-05-27 11:24:44"
T0026,T26-PV-01,1C:1B:0D:CE:12:86,189.167.84.183,online,VALLA,"VALLARTA GENERAL",3.66,"26.0.2_05.08 DBXW",27-05-2026,11:08:38,,,"Microsoft Windows 10 Pro",x64,4,223,,"D:\PVSI","2026-05-27 11:24:54"
T0027,T27-PV-01,E0:D5:5E:77:72:8E,202.5.99.232,offline,VALLA,"VALLARTA GENERAL",3.66,"26.0.2_05.08 DBXW",26-05-2026,18:40:26,,,"Microsoft Windows 10 Pro",x64,8,447,,"D:\PVSI","2026-05-25 19:12:33"
T0028,T28-PV-01,F4:B5:20:50:36:A7,189.177.136.166,online,VALLA,"VALLARTA GENERAL",3.66,"26.0.2_05.08 DBXW",27-05-2026,09:26:12,,,"Microsoft Windows 11 Pro",x64,6,446,,"D:\PVSI","2026-05-27 11:24:05"
T0029,T29-PV-01,D4:5D:64:AA:32:44,190.123.13.81,offline,VALLA,"VALLARTA GENERAL",3.60,"26.0.2_04.28 DBXW",09-05-2026,09:16:54,,,"Microsoft Windows 10 Pro",x64,7,446,,"D:\pvsi","2026-05-12 23:31:50"
T0030,T30-PV-01,BC:FC:E7:E7:3D:04,189.177.29.234,online,VALLA,"VALLARTA GENERAL",3.66,"26.0.2_05.08 DBXW",27-05-2026,08:55:32,,,"Microsoft Windows 10 Home Single Language",x64,6,447,,"D:\PVSI","2026-05-27 11:24:21"
T0031,T31-PV-01,1C:1B:0D:0B:5F:06,189.178.185.140,offline,MANZA,MANZANILLO,3.66,"26.0.2_05.08 DBXW",26-05-2026,14:27:41,,,"Microsoft Windows 10 Home Single Language",x64,4,464,,"D:\PVSI","2026-05-27 04:54:31"
T0032,T32-PV-01,E0:D5:5E:3D:57:17,189.178.123.133,online,VALLA,"VALLARTA GENERAL",3.66,"26.0.2_04.28 DBXW",09-05-2026,08:31:23,,,"Microsoft Windows 10 Pro",x64,8,446,,"D:\PVSI","2026-05-27 11:24:03"
T0033,T33-PV-01,74:56:3C:21:C2:90,189.169.211.116,online,VALLA,"VALLARTA GENERAL",3.66,"26.0.2_05.08 DBXW",27-05-2026,09:20:37,,,"Microsoft Windows 11 Pro",x64,8,446,,"D:\PVSI","2026-05-27 11:24:58"
T0034,T34-PV-01,08:62:66:86:65:64,187.211.212.110,online,VALLA,"VALLARTA GENERAL",3.66,"26.0.2_05.08 DBXW",27-05-2026,18:44:26,,,"Microsoft Windows 10 Pro",x64,8,465,,"D:\PVSI","2026-05-27 11:24:16"
T0035,T35-PV-01,D8:5E:D3:6A:42:B6,187.144.17.14,online,VALLA,"VALLARTA GENERAL",3.66,"26.0.2_05.08 DBXW",27-05-2026,19:26:22,,,"Microsoft Windows 11 Pro",x64,8,464,,"D:\PVSI","2026-05-27 11:24:53"
T0036,T36-PV-01,F4:B5:20:22:D5:3D,189.177.43.128,online,VALLA,"VALLARTA GENERAL",3.66,"26.0.2_05.08 DBXW",27-05-2026,11:00:53,,,"Microsoft Windows 10 Pro",x64,16,465,,"D:\PVSI","2026-05-27 11:24:38"
T0037,T37-PV-01,40:B0:76:5F:25:C9,189.177.23.117,online,VALLA,"VALLARTA GENERAL",3.66,"26.0.2_05.08 DBXW",27-05-2026,08:56:45,,,"Microsoft Windows 10 Pro",x64,7,447,,"D:\PVSI","2026-05-27 11:24:04"
T0038,T38-PV-01,08:BF:B8:31:60:2D,189.163.218.119,online,VALLA,"VALLARTA GENERAL",3.66,"26.0.2_05.08 DBXW",27-05-2026,08:36:40,,,"Microsoft Windows 11 Pro",x64,8,446,,"D:\PVSI","2026-05-27 11:24:05"
T0039,T39-PV-01,3C:7C:3F:23:96:04,187.144.138.44,online,VALLA,"VALLARTA GENERAL",3.66,"26.0.2_05.08 DBXW",27-05-2026,08:42:13,,,"Microsoft Windows 10 Pro",x64,6,447,,"D:\PVSI","2026-05-27 11:24:30"
T0040,T40-PV-01,F0:2F:74:CB:A7:DE,189.203.100.35,online,VALLA,"VALLARTA GENERAL",3.66,"26.0.2_05.08 DBXW",27-05-2026,11:16:03,,,"Microsoft Windows 10 Pro",x64,6,446,,"D:\PVSI","2026-05-27 11:24:42"
T0041,T41-PV-01,18:C0:4D:D5:A7:EB,189.178.230.66,online,VALLA,"VALLARTA GENERAL",3.66,"26.0.2_05.08 DBXW",27-05-2026,09:12:16,,,"Microsoft Windows 11 Pro",x64,8,446,,"D:\PVSI","2026-05-27 11:24:56"
T0042,T42-PV-01,18:C0:4D:D5:AF:06,189.178.235.1,online,VALLA,"VALLARTA GENERAL",3.66,"26.0.2_05.08 DBXW",27-05-2026,08:42:06,,,"Microsoft Windows 11 Pro",x64,8,446,,"D:\PVSI","2026-05-27 11:24:01"
T0043,T43-PV-01,7C:10:C9:87:25:7B,187.192.147.129,online,VALLA,"VALLARTA GENERAL",3.66,"26.0.2_05.08 DBXW",27-05-2026,10:47:38,,,"Microsoft Windows 10 Pro",x64,8,447,,"D:\PVSI","2026-05-27 11:24:39"
T0045,T45-PV-01,A8:A1:59:AF:CC:BE,187.144.23.84,online,VALLA,"VALLARTA GENERAL",3.66,"26.0.2_05.08 DBXW",27-05-2026,18:28:04,,,"Microsoft Windows 11 Pro",x64,8,446,,"D:\PVSI","2026-05-27 11:24:55"
T0046,T46-PV-01,D8:5E:D3:DA:1A:DE,189.177.15.156,online,VALLA,"VALLARTA GENERAL",3.66,"26.0.2_05.08 DBXW",27-05-2026,10:46:24,,,"Microsoft Windows 11 Pro",x64,7,446,,"D:\PVSI","2026-05-27 11:24:02"
T0047,T47-PV-01,A8:A1:59:DA:68:DE,187.190.202.14,online,VALLA,"VALLARTA GENERAL",3.66,"26.0.2_05.08 DBXW",27-05-2026,08:53:44,,,"Microsoft Windows 11 Pro",x64,8,446,,"D:\PVSI","2026-05-27 11:24:32"
TRANC,TRANCAS01,1C:1B:0D:CA:FF:F2,201.111.228.104,online,XALAP,XALAPA,3.66,"26.5 R150930",15-05-2026,11:24:50,"26.5 R150930",15-05-2026,"Microsoft Windows 10 Enterprise LTSC",x64,8,931,,"D:\PVSI","2026-05-27 11:24:54"
,TULUMAUX,AC:B4:80:2E:E0:69,187.147.17.128,online,,,3.66,,,,,,"Microsoft Windows 11 Pro",x64,8,455,,"C:\ProgramData\DistributionAgent\files","2026-05-27 11:24:33"
TUXTL,TUXTLACHICO,D0:50:99:81:FE:17,189.148.32.237,online,TAPAC,TAPACHULA,3.66,"26.0.2_05.08 DBXW",27-05-2026,08:41:57,,,"Microsoft Windows 10 Pro N",x64,4,953,,"D:\PVSI","2026-05-27 11:24:55"
TTUX2,TUXTLACHICO2,2C:9C:58:CE:19:C9,189.148.26.246,online,TAPAC,TAPACHULA,3.66,"26.0.2_05.08 DBXW",27-05-2026,08:04:54,,,"Microsoft Windows 11 Pro",x64,8,455,,"D:\PVSI","2026-05-27 11:24:22"
TAKIS,TUXTLACHICO2,84:16:F9:16:9C:D4,189.148.53.252,online,TAPAC,TAPACHULA,3.66,"26.0.2_05.08 DBXW",27-05-2026,08:45:05,,,"Microsoft Windows 7 Professional",x86,3,2095,,"D:\PVSI","2026-05-27 11:24:08"
XTUSA,TUZAMAPAN01,82:0F:E2:BC:2C:57,201.111.150.70,online,XALAP,XALAPA,3.66,"26.0.2_05.08 DBXW",27-05-2026,08:06:49,"26.5.5 R957",07-05-2026,"Microsoft Windows 11 Pro",x64,8,912,,"D:\XTUZA","2026-05-27 11:24:35"
UNIVE,UNIVERSIDAD,10:98:19:28:B3:73,189.148.29.98,online,TAPAC,TAPACHULA,3.66,"26.0.2_05.08 DBXW",27-05-2026,08:09:23,,,"Microsoft Windows 11 Pro",x64,8,455,,"D:\PVSI","2026-05-27 11:24:04"
CBUGA,VENTAS,A8:3C:A5:29:15:D6,187.150.150.170,online,CHETU,CHETUMAL,3.66,"26.0.2_04.28 DBXW",06-05-2026,08:25:40,"26.5 R150930",15-05-2026,"Microsoft Windows 11 Pro",x64,8,474,,"D:\PVSI","2026-05-27 11:24:03"
AUFJF,VENTAS-AUX02,AC:B4:80:2E:B8:DF,189.141.131.125,online,BAJAC,BAJA,3.66,,,,,,"Microsoft Windows 11 Pro",x64,8,1365,,"D:\$RECYCLE.BIN\S-1-5-21-2511664997-3313427188-1786134702-1001","2026-05-27 11:24:24"
,VENTAS22,C0:35:32:EB:4C:29,189.173.69.60,online,,,3.66,,,,,,"Microsoft Windows 11 Home Single Language",x64,8,475,,"C:\ProgramData\DistributionAgent\files","2026-05-27 11:24:45"
,VENTASCOMEX,24:B2:B9:1B:86:2F,189.197.217.203,offline,,,2.48.0,,,,,,"Microsoft Windows 11 Home Single Language",x64,8,475,,"C:\ProgramData\DistributionAgent\files","2026-04-16 04:27:57"
HCORP,VENTASCORP,AC:B4:80:37:72:D7,189.173.29.223,online,HERMO,HERMOSILLO,3.66,"26.0.2_05.08 DBXW",27-05-2026,10:09:01,,,"Microsoft Windows 11 Pro",x64,8,476,,"D:\pvsi","2026-05-27 11:24:55"
SUR13,VERACRUZ,40:8D:5C:A8:39:C8,189.148.59.25,online,TAPAC,TAPACHULA,3.66,"26.0.2_05.08 DBXW",27-05-2026,08:09:53,,,"Microsoft Windows 10 Home Single Language",x64,4,953,,"D:\PVSI","2026-05-27 11:24:20"
00102,VEREDAS-PRINCIP,E4:54:E8:D0:E0:87,187.199.112.191,online,BAJAC,BAJA,3.66,"26.5 R150930",15-05-2026,10:21:47,"26.5 R150930",15-05-2026,"Microsoft Windows 11 Home Single Language",x64,8,919,,"D:\PVSI","2026-05-27 11:24:54"
HVERS,VERSALLES-PC,A0:F3:C1:A1:CC:9E,187.158.2.235,online,HERMO,HERMOSILLO,3.66,"26.0.2_05.08 DBXW",27-05-2026,08:55:10,,,"Microsoft Windows 7 Professional",x86,3,453,,"D:\PVSI","2026-05-27 11:24:30"
00114,VICARIO-CENTRO,A8:3C:A5:2E:3D:3C,187.199.87.19,online,BAJAC,BAJA,3.66,"26.0.2_05.08 DBXW",27-05-2026,08:30:24,"26.5 R150930",15-05-2026,"Microsoft Windows 11 Pro",x64,8,474,,"D:\PVSI","2026-05-27 11:24:35"
VILLA,VILLA,94:C6:91:66:9A:1C,189.148.59.42,online,TAPAC,TAPACHULA,3.66,"26.0.2_05.08 DBXW",27-05-2026,10:21:49,,,"Microsoft Windows 10 Pro",x86,3,931,,"D:\PVSI","2026-05-27 11:24:17"
HSERI,VILLADESERIS,A8:3C:A5:2B:E6:AE,187.158.114.10,online,HERMO,HERMOSILLO,3.66,"26.0.2_05.08 DBXW",27-05-2026,08:05:26,,,"Microsoft Windows 11 Pro",x64,8,474,,"D:\PVSI","2026-05-27 11:24:46"
HREAL,VILLASDELREAL,94:DE:80:82:C4:B9,189.173.134.203,offline,HERMO,HERMOSILLO,3.66,"26.0.2_05.08 DBXW",27-05-2026,19:03:45,,,"Microsoft Windows 7 Professional",x86,3,466,,"D:\pvsi","2026-05-26 20:08:17"
PRCEN,VILLITA,18:D6:C7:00:D8:05,189.148.60.174,online,TAPAC,TAPACHULA,3.66,"26.0.2_05.08 DBXW",27-05-2026,09:39:11,,,"Microsoft Windows 7 Professional",x86,3,466,,"D:\PVSI","2026-05-27 11:24:01"
00045,VIZCAINO-PVSI,CC:96:E5:16:9E:D0,187.223.89.193,online,BAJAC,BAJA,3.66,"26.0.2_05.08 DBXW",27-05-2026,17:55:37,"26.5 R150930",15-05-2026,"Microsoft Windows 11 Pro",x64,8,455,,"D:\PVSI","2026-05-27 11:24:18"
XALAP,XALAP1,7C:57:58:CA:47:BF,201.105.4.167,online,XALAP,XALAPA,3.66,"26.5.5 R957",07-05-2026,11:12:21,"26.5.5 R957",07-05-2026,"Microsoft Windows 10 Enterprise LTSC",x64,8,931,,"D:\PVSI","2026-05-27 11:24:30"
XALA2,XALAPA2,E0:73:E7:13:65:06,201.97.215.229,online,XALAP,XALAPA,3.66,"26.5.5 R957",08-05-2026,11:19:25,"26.5.5 R957",08-05-2026,"Microsoft Windows 10 Enterprise LTSC",x64,8,931,,"D:\PVSI","2026-05-27 11:24:33"
XXANA,XANAT,18:C0:4D:BC:42:6F,201.105.114.99,online,XALAP,XALAPA,3.66,"26.0.2_05.08 DBXW",27-05-2026,11:18:59,"26.5.5 R957",07-05-2026,"Microsoft Windows 10 Enterprise LTSC",x64,8,931,,"D:\PVSI","2026-05-27 11:24:08"
ZARAG,ZARAGOZA,D8:CB:8A:1C:3A:44,189.148.57.4,online,TAPAC,TAPACHULA,3.66,"26.0.2_04.28 DBXW",18-05-2026,08:13:53,,,"Microsoft Windows 10 Home",x64,3,893,,"D:\PVSI","2026-05-27 11:24:23"
,test,00:00:00:00:00:00,212.227.6.127,offline,,,1.0.0,,,,,,,,,,,"C:\ProgramData\DistributionAgent\files","2026-04-15 05:37:09"
